id,slug,nom,cp,ville,adresse,departement
"cfe6dca1-9300-4290-8efd-4693f23aee2d","audika-france-02400","AUDIKA FRANCE","02400","","3 Place DE L'HOTEL DE VILLE","02"
"75fde34b-6a3c-4541-99a9-f43caec3750e","audika-france-02200","AUDIKA FRANCE","02200","","16 Rue DU COLLEGE","02"
"4b454f0b-f8ca-44c5-83bf-19918090086f","audika-france-03000","AUDIKA FRANCE","03000","","4 Rue D'ALLIER","03"
"8d30f27b-f28a-4a0f-aa9a-c0281c05ee69","audika-france-03200","AUDIKA FRANCE","03200","","19 Rue DE PARIS","03"
"6ba84a3b-c83e-42ac-b139-3ff556e66b2e","audika-france-03100","AUDIKA FRANCE","03100","","41 Rue DU FBG SAINT-PIERRE","03"
"3092bc15-bf4b-4289-b8fb-2d92d0be4d52","audika-france-06800","AUDIKA FRANCE","06800","","32 Boulevard DU MARECHAL JUIN","06"
"395ccf28-0db7-417b-bcc0-e2e71ee39b69","audika-france-06190","AUDIKA FRANCE","06190","","246  AV. ARISTIDE BRIAND","06"
"fc2c68d8-96ce-4f13-af65-935dfccbac84","audika-france-06200","AUDIKA FRANCE","06200","","23  AV. SAINT-AUGUSTIN","06"
"3c7ba892-c7c7-40a0-9d1b-1245703b6fb9","audika-france-07100","AUDIKA FRANCE","07100","","30 RUE SADI CARNOT","07"
"69a1a84d-287e-41c2-a174-45a4e5d3d39d","audika-france-22600","AUDIKA FRANCE","22600","","9 RUE DE CADELAC","22"
"9c74017e-db20-482e-98c4-a2454bb49e25","audika-france-08200","AUDIKA FRANCE","08200","","3 PLACE CRUSSY","08"
"369e5c9e-2c8f-4819-8cae-bfd0ab02e333","audika-france-11000","AUDIKA FRANCE","11000","","31, RUE ANTOINE MARTY","11"
"adb1c75c-abcd-499e-831e-b39b49719baf","audika-france-45190","AUDIKA FRANCE","45190","","33 Place DU MARTROI","45"
"8cee9a5d-95c2-41b3-b559-7531a0be4062","audika-france-61200","AUDIKA FRANCE","61200","","12/14 RUE ETIENNE PANTHOU","61"
"e76538b0-e4f0-478f-a69f-314fa8a9558c","audika-france-13380","AUDIKA FRANCE","13380","","5 MAIL DU GENERAL DE GAULLE","13"
"5f4cbef0-e5aa-4027-9822-9e90afec5752","audika-france-13400-2","AUDIKA FRANCE","13400","","7 AV. LOULOU DELFIEU","13"
"cc6a3779-58d4-4213-a2ba-86d67f9825d3","audika-france-13400","AUDIKA FRANCE","13400","","3 ROUTE NATIONALE 396","13"
"927bc0e3-ba3d-4444-a848-d24e180dddd4","audika-france-13001","AUDIKA FRANCE","13001","","1, LA CANEBIERE","13"
"590b71d3-dc6f-4c32-8b3b-b13cf084e0f5","audika-france-14100","AUDIKA FRANCE","14100","","42 PL. DE LA REPUBLIQUE","14"
"68b54527-906f-4907-8d9b-87be89f01f37","audika-france-06250","AUDIKA FRANCE","06250","","80  ALLEE DES ORMES","06"
"4c2aea29-83db-4dc1-85b8-42f66f0fcd9a","audika-france-17300","AUDIKA FRANCE","17300","","55 BIS RUE DU DOCTEUR PELTIER","17"
"df0f2974-bd9c-4b43-b668-19929834f3ff","audika-france-17200","AUDIKA FRANCE","17200","","28 RUE FONT DE CHERVES","17"
"cba6a17a-aa6a-47df-8beb-a1da9ffdfc84","audika-france-06600","AUDIKA FRANCE","06600","","3 Boulevard DUGOMMIER","06"
"9c106912-2833-4c53-9b57-1f28548aba7b","audika-france-17000","AUDIKA FRANCE","17000","","67 AVENUE COLIGNY","17"
"0f518893-0578-4503-a8ea-6fba37dc105e","audika-france-17700","AUDIKA FRANCE","17700","","68 RUE AUDRY DE PUYRAVAULT","17"
"99e3399f-fab7-44c8-b1ce-1b2b2ecbc098","audika-france-06140","AUDIKA FRANCE","06140","","PLACE DU GRAND JARDIN","06"
"90dcf351-4c2b-4542-bf62-aaac256055a9","audika-france-19200","AUDIKA FRANCE","19200","","1 BD TREICH LAPLENE","19"
"d656e7c4-409a-4aa2-b313-a643733f2e28","audika-france-22500","AUDIKA FRANCE","22500","","ROND-POINT DU GOELO","22"
"eeb95549-d766-430d-be9c-61fc3bae8e05","audika-france-22300","AUDIKA FRANCE","22300","","1 RUE G. PALANTE","22"
"4d627315-ecab-4306-8416-a5f6a1fe8e19","audika-france-23000","AUDIKA FRANCE","23000","","5 AV. DE LA SENATORERIE","23"
"da3be578-346c-45a8-af2d-8c1c336e19a8","audika-france-24100","AUDIKA FRANCE","24100","","39 PLACE GAMBETTA","24"
"2196ae5c-957c-43c1-aa4d-457666a885c6","audika-france-24200","AUDIKA FRANCE","24200","","6 AV. ARISTIDE BRIAND","24"
"6348a970-7667-4860-9ae8-d7b2ef090126","audika-france-24000","AUDIKA FRANCE","24000","","59 RUE GAMBETTA","24"
"8d870b13-9fcd-436f-9de5-80077afee10b","audika-france-24750","AUDIKA FRANCE","24750","","REV OPTICIENS: AV. JEAN-JACQUES DUCLOS","24"
"c3ced5d4-ed24-4420-9e14-a92decd42132","audika-france-04000","AUDIKA FRANCE","04000","","18 Boulevard GASSENDI","04"
"89b41074-3d38-4c04-b583-908b476c8f19","audika-france-13008","AUDIKA FRANCE","13008","","64  AVENUE HAIFA","13"
"7faf7cb0-168a-4c5d-922e-961c13538a75","audika-france-26000","AUDIKA FRANCE","26000","","2 RUE HENRY CHALAMET","26"
"e7f0d7e9-5f07-4f50-87ec-5cb3327d1e93","audika-france-06210","AUDIKA FRANCE","06210","","731 Avenue JANVIER PASSERO","06"
"4b82cfc1-51bf-4c3f-8b3c-23b4f3dc0c94","audika-france-18600","AUDIKA FRANCE","18600","","8 RUE FERNAND DURUISSEAU","18"
"dc05ca29-d73c-4a6c-a377-0495e06a3bf4","audika-france-29520","AUDIKA FRANCE","29520","","5 RUE MORLAIX","29"
"184d21c3-a0a9-44ac-aaa2-1bd48890c76d","audika-france-10000","AUDIKA FRANCE","10000","","21 AVENUE PIERRE BROSSOLETTE","10"
"e356a877-fffb-4e1f-9b1f-5aaa6bcb5705","audika-france-30100","AUDIKA FRANCE","30100","","1 RUE BEAUTEVILLE","30"
"b95ab0c7-de88-4d53-8eed-8ff0ca38c4b2","audika-france-05000","AUDIKA FRANCE","05000","","7 Avenue JEAN JAURES","05"
"575d4032-6e35-401a-9a9a-d24728b74866","audika-france-31240","AUDIKA FRANCE","31240","","AVENUE DE TOULOUSE","31"
"d9587fc8-e731-4200-8961-74f6b732cadd","audika-france-31270","AUDIKA FRANCE","31270","","14 RUE SAINT-LAURENT","31"
"acbd7584-0fe1-4a60-997a-adc82af0b23d","audika-france-29200","AUDIKA FRANCE","29200","","8 RUE GLASGOW","29"
"b9b629e5-46a5-4fc6-8015-aebad93deb4e","audika-france-33740","AUDIKA FRANCE","33740","","29 AVENUE DE LA PLAGE","33"
"72973d83-2df4-4716-94e0-e1db0bff752a","audika-france-33000","AUDIKA FRANCE","33000","","17 RUE EDMOND MICHELET","33"
"989ad981-1a3a-4df9-9154-37a15fb2ea5d","audika-france-13009","AUDIKA FRANCE","13009","","6, RUE AUGUSTIN AUBERT","13"
"4378d7c4-0355-4a85-9757-8dc9e9b4a64c","audika-france-33500","AUDIKA FRANCE","33500","","56 COURS DES GIRONDINS","33"
"b445bb90-1312-4f2c-88d4-b3a1a9044881","audika-france-06130","AUDIKA FRANCE","06130","","2 Chemin DES BASSES MOULIERES","06"
"0e23bfae-c421-4a92-966e-26b36adb3345","audika-france-28200","AUDIKA FRANCE","28200","","37 RUE DE LA REPUBLIQUE","28"
"c92fb22b-5723-4fa2-8a53-9bc9acfaad76","audika-france-34600","AUDIKA FRANCE","34600","","92 RUE SAINT ALEXANDRE","34"
"ed1bd88a-f0c1-4260-8dba-4b3f4a425da4","audika-france-34190","AUDIKA FRANCE","34190","","20 RUE BIRON","34"
"6c4de534-cd34-42d8-804a-dd6e977b222e","audika-france-25000","AUDIKA FRANCE","25000","","49 RUE DE BELFORT","25"
"d1dba5d5-e7c1-4db1-97ce-96b7b57b678b","audika-france-31650","AUDIKA FRANCE","31650","","1 IMPASSE DORDAC","31"
"71874d97-9fb0-4aae-aeef-facf07a4186a","audika-france-31000-2","AUDIKA FRANCE","31000","","63 BD DE STRASBOURG","31"
"02a81aea-a6b8-4f50-bab7-44c99e6dc82e","audika-france-31000","AUDIKA FRANCE","31000","","35 RUE DU LANGUEDOC","31"
"01128b89-48ae-4a3b-a910-fc5c85ecac36","audika-france-38000","AUDIKA FRANCE","38000","","14 BD EDOUARD REY","38"
"57dc1cd5-2765-4317-8de1-663ca0b9f93c","audika-france-38500","AUDIKA FRANCE","38500","","11 RUE GENEVOISE","38"
"dd059077-1e55-45be-ae23-0f926f303a1c","audika-france-38220","AUDIKA FRANCE","38220","","328 RUE DU GENERAL DE GAULLE","38"
"67c3ea04-adca-4f40-b03d-4f34ce656fe0","audika-france-29000","AUDIKA FRANCE","29000","","52 QUAI DE L'ODET","29"
"66daa3ee-0b3e-48fa-9b06-707ec30ed992","audika-france-28000","AUDIKA FRANCE","28000","","55 TER RUE DU GRAND FAUBOURG","28"
"5527d0ab-1cfb-47bb-8a75-a386df2101d0","audika-france-40800","AUDIKA FRANCE","40800","","22 RUE DU 13 JUIN","40"
"109d7efb-16b3-4d93-95ad-f2f3eb28ecb4","audika-france-41200","AUDIKA FRANCE","41200","","17 RUE DES TROIS ROIS","41"
"5a6bf9f1-40f4-4aff-bb19-2e6851d2836c","audika-france-42300","AUDIKA FRANCE","42300","","14 PLACE DE L'HOTEL DE VILLE","42"
"45951d3f-25c6-4ba1-ad2d-d6ff4db9fcc2","audika-france-42160","AUDIKA FRANCE","42160","","40 AV JEAN MERMOZ","42"
"d2a02083-455a-4d78-989f-af9515e5dba9","audika-france-42110","AUDIKA FRANCE","42110","","4 PLACE CARNOT","42"
"9edf30bb-f3cd-4c03-be87-cf0d381853ba","audika-france-29140","AUDIKA FRANCE","29140","","8 RUE BOULOUARD","29"
"3be5a96c-d9b4-4d13-be85-6952491d7aee","audika-france-44600","AUDIKA FRANCE","44600","","39 AV. ALBERT DE MUN","44"
"2c10f593-23ac-4521-8b05-36352a2916e2","audika-france-44000","AUDIKA FRANCE","44000","","10 ALLEE DU PORT MAILLARD","44"
"1dc09765-131d-4ea3-8bd4-92e0e9f3ec11","audika-france-45200","AUDIKA FRANCE","45200","","35, RUE JEAN JAURES","45"
"9561cfe9-9673-45cb-9ff4-24b291889bb6","audika-france-45000","AUDIKA FRANCE","45000","","5 RUE D'ILLIERS","45"
"c03ed640-6c7b-40fc-b174-aa8646815d60","audika-france-34800","AUDIKA FRANCE","34800","","6 CHEMIN DE LA MADELEINE","34"
"5e353964-8ec8-4204-ad9d-fcb1cfaf20aa","audika-france-29800","AUDIKA FRANCE","29800","","17 RUE DE LA TOUR D'AUVERGNE","29"
"3d63764c-069d-4b02-b5b6-2413d99985d4","audika-france-34070","AUDIKA FRANCE","34070","","49 RUE GUILLAUME JANVIER","34"
"600f943c-3fed-4c0e-bd09-763119cf8564","audika-france-51000","AUDIKA FRANCE","51000","","42 RUE DE LA MARNE","51"
"3a60cbef-5908-4211-ae24-547b568dfc67","audika-france-54000","AUDIKA FRANCE","54000","","87 RUE RAYMOND POINCARE","54"
"beeecd45-cb81-4070-a8a1-eeb615908f5a","audika-france-54150","AUDIKA FRANCE","54150","","3 RUE LEON WINSBACH","54"
"2474f3d3-9f78-4e7f-8300-cccb664ff345","audika-france-43100","AUDIKA FRANCE","43100","","18 AVENUE LEON BLUM","43"
"cf70778d-c8e5-4c57-86fc-45d9064e3655","audika-france-56000-2","AUDIKA FRANCE","56000","","4 PLACE LYAUTEY","56"
"1effa809-fc30-4b5e-b2f4-e932f9402cd1","audika-france-35400","AUDIKA FRANCE","35400","","20 AVENUE JEAN JAURES","35"
"cd104c1a-85a1-4a7a-9229-9ebec90db29e","audika-france-57800","AUDIKA FRANCE","57800","","15B RUE EUGENE KLOSTER","57"
"2a59e0b9-0444-4df8-a428-9acad88def03","audika-france-57000","AUDIKA FRANCE","57000","","11 RUE HAUTE SEILLE","57"
"a58a3f9a-8cad-4e74-9b1c-acff0c5739ff","audika-france-34200","AUDIKA FRANCE","34200","","10 BIS QUAI RHIN ET DANUBE","34"
"8766da39-ddd7-4004-8908-156363fcd290","audika-france-37000","AUDIKA FRANCE","37000","","27 BIS RUE VICTOR HUGO","37"
"ec540fe5-b8cd-4176-b4f8-152ef4bc4ae4","audika-france-58500","AUDIKA FRANCE","58500","","1 RUE DU PONT CHATELAIN","58"
"537fdf45-6337-425e-ab3d-5805464a9dfc","audika-france-59190","AUDIKA FRANCE","59190","","2 RUE DES AUGUSTINS","59"
"5ea289ed-0592-4235-b60a-ce6755898f2a","audika-france-59100","AUDIKA FRANCE","59100","","16 BIS BD DU GENERAL DE GAULLE","59"
"56b14ee6-e01c-418b-bc90-e9c46e2ded15","audika-france-59400","AUDIKA FRANCE","59400","","8 RUE MARECHAL DE LATTRE DE TASSIGNY","59"
"555d9adf-5143-4203-a3f1-1edf3c4fd75d","audika-france-59113","AUDIKA FRANCE","59113","","30 RUE JEAN JAURES","59"
"5a866ffa-9046-4531-a477-cc38bcc12779","audika-france-59280","AUDIKA FRANCE","59280","","65 RUE DE LILLE","59"
"9a3e908b-4102-49d3-84a8-3e4dad6c1024","audika-france-40100","AUDIKA FRANCE","40100","","24 RUE LOUIS BARTHOU","40"
"5750691f-5074-43e4-9655-6dd205e8f332","audika-france-38400","AUDIKA FRANCE","38400","","7 AVENUE GABRIEL PERI","38"
"ece57770-65de-477e-b60d-462b76afd2fe","audika-france-60130","AUDIKA FRANCE","60130","","1 BIS RUE DE BEAUVAIS","60"
"06f57e09-3a80-479a-aaad-4b862da00bc3","audika-france-38300-tramole","AUDIKA FRANCE","38300","Tramolé","72 RUE DE LA REPUBLIQUE","38"
"254c254d-79f9-4a6d-968f-b5b5cf3dda4d","audika-france-63300","AUDIKA FRANCE","63300","","EDIFICE MOUTIER","63"
"20f2e4bf-ddbb-4b96-8537-b95056d6a19b","audika-france-64400","AUDIKA FRANCE","64400","","61 RUE CARREROT","64"
"e563cc5f-6958-4a65-8dff-971bcc64d672","audika-france-66400","AUDIKA FRANCE","66400","","18 BD JEAN MOULIN","66"
"dcfb4ed4-bd90-4133-a4f2-b5aada32be62","audika-france-57230","AUDIKA FRANCE","57230","","46 RUE DU MARECHAL FOCH","57"
"09715c0c-cf5d-4d1e-9cd7-4de695fce649","audika-france-59300","AUDIKA FRANCE","59300","","17 PLACE DU HAINAUT","59"
"4706782b-3cba-41bd-9e5a-161fc1270df3","audika-france-67300","AUDIKA FRANCE","67300","","87 ROUTE DE BISCHWILLER","67"
"c00c637e-c7ae-453d-b9ce-ebb09c05bb51","audika-france-59200","AUDIKA FRANCE","59200","","3 RUE DU GENERAL LECLERC","59"
"70c872f6-46e0-4eb9-af49-87f60fe9747f","audika-france-68120","AUDIKA FRANCE","68120","","107 RUE DE RICHWILLER","68"
"2321f668-c05b-4d14-b1b9-ffca51ac1d60","audika-france-69006","AUDIKA FRANCE","69006","","112 RUE VENDOME","69"
"12030f9a-2f95-4cc8-87ee-33163442ed29","audika-france-69500","AUDIKA FRANCE","69500","","116/118 AVENUE FRANKLIN ROOSEVELT","69"
"fdbc0313-2ce1-4aef-a539-ad17d25ba110","audika-france-71500","AUDIKA FRANCE","71500","","17 RUE DE BRAM","71"
"93dab75a-2a00-4172-b804-0be9fca94366","audika-france-48200","AUDIKA FRANCE","48200","","134 RUE THEOPHILE ROUSSEL","48"
"228058e6-ffa9-46e3-bea7-3d28826c1d94","audika-france-59610","AUDIKA FRANCE","59610","","10/12 RUE SAINT-LOUIS","59"
"f47b4aed-300d-4b21-aa01-063846704e87","audika-france-55000","AUDIKA FRANCE","55000","","110 Boulevard DE LA ROCHELLE","55"
"c655f852-a29e-434b-b1eb-58308fe966e7","audika-france-59120","AUDIKA FRANCE","59120","","143 RUE DU MARECHAL FOCH","59"
"c843a893-1e4e-4bd1-87b3-202052c1db7f","audika-france-72000","AUDIKA FRANCE","72000","","22 AV. DU GENERAL LECLERC","72"
"6eb8452e-bd0c-48ed-9f11-c1ebf72a5aab","audika-france-63800","AUDIKA FRANCE","63800","","48 TER AV. DE LA LIBERATION","63"
"7cc14748-3926-42ef-a578-a13543e8b68d","audika-france-54130","AUDIKA FRANCE","54130","","39 AVENUE CARNOT","54"
"86a13453-bf92-48a4-bff8-743e4cad5697","audika-france-59620","AUDIKA FRANCE","59620","","145 PLACE DE L'HOTEL DE VILLE","59"
"eb625864-f8ad-4557-8af2-ad440a44f2e8","audika-france-75014","AUDIKA FRANCE","75014","","182 RUE D'ALESIA","75"
"148a6d4c-34a2-4b76-81c0-09ffc2ae25a3","audika-france-75016","AUDIKA FRANCE","75016","","52 RUE D'AUTEUIL","75"
"bfe4c981-a4e6-40ba-8518-ccb8100f7e67","audika-france-75005","AUDIKA FRANCE","75005","","56 RUE MONGE","75"
"599d3439-0447-491f-b527-a6a94cdc5ea9","audika-france-75017","AUDIKA FRANCE","75017","","79 AVENUE NIEL","75"
"62c5474d-f185-47a8-8558-f00bde15ab4a","audika-france-75003","AUDIKA FRANCE","75003","","5 BD SAINT-MARTIN","75"
"cde97cc6-610c-4115-8f94-ad5f948bdf13","audika-france-59220","AUDIKA FRANCE","59220","","123 RUE DE VILLARS","59"
"cc36940b-d8ad-439d-b827-cc42d3e6e25a","audika-france-62000","AUDIKA FRANCE","62000","","1 RUE MEAULENS","62"
"7614748c-7abd-417f-8a42-461919ccc01a","audika-france-66300","AUDIKA FRANCE","66300","","10, ALLEE DES DROITS DE L' HOMME","66"
"b4aad0f0-a05a-405f-8de2-fcd1b2832c90","audika-france-66600","AUDIKA FRANCE","66600","","AV. LEDRU ROLLIN","66"
"9724721f-542f-4e7c-a763-71ba64c48cce","audika-france-76190","AUDIKA FRANCE","76190","","13 AVENUE DU GENERAL LECLERC","76"
"15426a31-38a0-466c-89c3-e542353308ac","audika-france-77300","AUDIKA FRANCE","77300","","23 PL. DE LA REPUBLIQUE","77"
"509ec5b9-bd88-4cc5-b743-d87e41cd823c","audika-france-77400","AUDIKA FRANCE","77400","","2 RUE DES TANNEURS","77"
"28f13c5c-dd84-401b-8434-784a02849ea0","audika-france-78800","AUDIKA FRANCE","78800","","11 RUE GAMBETTA","78"
"07a139e0-3695-4e43-81d6-d52ab3ae34e2","audika-france-78370","AUDIKA FRANCE","78370","","1080 AV. DU GENERAL DE GAULLE","78"
"4e13c472-a871-486b-aa32-28178d321f86","audika-france-64130","AUDIKA FRANCE","64130","","10 RUE PASTEUR","64"
"30b15c50-cbc0-4e63-84fb-1ee700fd6e08","audika-france-69400","AUDIKA FRANCE","69400","","242 RUE DE LA PAIX","69"
"a288032e-59ba-457a-b809-783f207a3bf7","audika-france-78200","AUDIKA FRANCE","78200","","5/7 RUE AUGUSTE GOUST","78"
"b4d96919-afde-4a31-a2b0-f1fc3552e804","audika-france-62800","AUDIKA FRANCE","62800","","151 RUE JEAN BAPTISTE DEFERNEZ","62"
"a558cfb8-a36b-49c4-8e8d-893ba8ede8a7","audika-france-69008","AUDIKA FRANCE","69008","","2 PLACE AMBROISE COURTOIS","69"
"7471e46f-8289-47b8-9f7b-41e38afcde96","audika-france-65000","AUDIKA FRANCE","65000","","22 PL. DU MARCHE BRAUHAUBAN","65"
"b67d1919-7b49-447f-967a-1d4509c6581f","audika-france-67340","AUDIKA FRANCE","67340","","48 RUE DU MARECHAL FOCH","67"
"0ad4850f-35cf-4671-ab5c-ffc69c80ee4d","audika-france-62100","AUDIKA FRANCE","62100","","17 BIS RUE DU TEMPLE","62"
"c1874a3f-9972-4d95-b59a-004e7a4f283b","audika-france-81100","AUDIKA FRANCE","81100","","38 RUE MAHUZIES","81"
"e2e29be0-feee-48c9-8df6-0702905f10c8","audika-france-81000","AUDIKA FRANCE","81000","","21 AV. FRANCOIS VERDIER","81"
"6853b2de-b265-4ae1-87b2-b9c2c674750b","audika-france-81600","AUDIKA FRANCE","81600","","1 RUE DES FRERES DELGA","81"
"f8f86c6b-a17f-46d7-aeed-0114be6a8dee","audika-france-81200","AUDIKA FRANCE","81200","","52 RUE EDOUARD BARBEY","81"
"029f9600-219a-4bce-9a90-96dac6e5deaa","audika-france-63400","AUDIKA FRANCE","63400","","40 AVENUE JOSEPH CLAUSSAT","63"
"1e292c80-b151-48ba-a9a4-7ef0795c261e","audika-france-66000","AUDIKA FRANCE","66000","","21 BD CLEMENCEAU","66"
"63be8368-5e47-4a62-9fe2-0d29e78caf20","audika-france-83300","AUDIKA FRANCE","83300","","60 BD DES MARTYRS DE LA RESISTANCE","83"
"a2d6bac7-794f-4224-9b58-b0dc59966bcf","audika-france-83550","AUDIKA FRANCE","83550","","23 AVENUE WILSON","83"
"487a9592-c09e-4fb8-b28a-d32838dd5a5f","audika-france-84200","AUDIKA FRANCE","84200","","404 AV. NOTRE DAME DE SANTE","84"
"fe9094d7-e633-481c-b0b5-cbcfca5dd9b9","audika-france-84120","AUDIKA FRANCE","84120","","52 COURS DE LA REPUBLIQUE","84"
"1fd060c0-e281-4b26-a7c6-4b5907877f94","audika-france-84100","AUDIKA FRANCE","84100","","53 AVENUE CHARLES DE GAULLE","84"
"8b3eaa1d-da8a-4bf2-aac8-94a16a9bf5cc","audika-france-84000","AUDIKA FRANCE","84000","","17 BD SIXTE-ISNARD","84"
"416b200b-4ef2-477b-8b19-e0d45f5e0194","audika-france-85200","AUDIKA FRANCE","85200","","48 RUE DE LA REPUBLIQUE","85"
"2ef38aff-56ab-43bb-bfc8-8bcd44570ce0","audika-france-85600","AUDIKA FRANCE","85600","","18 AVENUE VILLEBOIS MAREUIL","85"
"9a05ab7a-cbd1-4374-8410-c6964c981c6f","audika-france-88300","AUDIKA FRANCE","88300","","14 RUE DE FRANCE","88"
"47487acc-bc55-4227-880e-528a4d8d50fd","audika-france-88100","AUDIKA FRANCE","88100","","19 RUE D'ALSACE","88"
"8cc661b4-4380-483d-9043-2eb8e260b407","audika-france-88000","AUDIKA FRANCE","88000","","24 QUAI DE DOGNEVILLE","88"
"3676ac09-7573-48da-b5fd-14cf55529b7b","audika-france-64500","AUDIKA FRANCE","64500","","3 RUE AUGUSTIN CHAHO","64"
"92d7ee91-bf3c-4f75-8530-58bf87a4af57","audika-france-92500","AUDIKA FRANCE","92500","","1 RUE JEAN MERMOZ","92"
"ca3aae0f-4447-490b-8d68-182a19a0378b","audika-france-92130","AUDIKA FRANCE","92130","","10 AVENUE VICTOR CRESSON","92"
"5521dd10-05ab-42f7-ab67-fc3609fcb1c2","audika-france-70000","AUDIKA FRANCE","70000","","200 A, RUE DU DOCTEUR COURVOISIER","70"
"8c372d77-de5c-46ee-8dad-82fd393c01ae","audika-france-75011","AUDIKA FRANCE","75011","","278/280 BD VOLTAIRE","75"
"b664f082-5116-40cb-ac12-0794d9fecd10","audika-france-75006","AUDIKA FRANCE","75006","","49 RUE SAINT-PLACIDE","75"
"bd806b7e-7deb-4137-8665-a4b2cbc6f94b","audika-france-94340","AUDIKA FRANCE","94340","","13 RUE DE PARIS","94"
"afdac9b8-606d-46cd-9ef0-0ed9ee495148","audika-france-94270","AUDIKA FRANCE","94270","","11 AV. EUGENE THOMAS","94"
"70b4a89d-b019-45be-a032-705365bbfe16","audika-france-95300","AUDIKA FRANCE","95300","","2 PLACE NOTRE DAME","95"
"5c143c2d-076d-4ce0-bdd9-6298a78579f9","audika-france-77410","AUDIKA FRANCE","77410","","9 AV. JEAN JAURES","77"
"2c510fec-d0de-408c-a8cc-9b117007fb5a","audika-france-05200","AUDIKA FRANCE","05200","","ZAC D'ENTRAIGUES","05"
"40dffe72-d0d0-478b-8739-b55a3f697b43","audika-france-06000","AUDIKA FRANCE","06000","","26  RUE DE PARIS","06"
"a45fe808-74c1-4814-99d1-ff1c121e98f5","audika-france-09200","AUDIKA FRANCE","09200","","7 AVENUE HENRI BERNERE","09"
"f53fc85e-1d19-4274-bd6d-7530a089bf4b","audika-france-18000","AUDIKA FRANCE","18000","","43 RUE D'AURON","18"
"61aefe6c-aaa7-4d96-9972-64ef231ed0a4","audika-france-08000","AUDIKA FRANCE","08000","","14 RUE FLANDRE","08"
"c5030ef0-84d9-4e3a-8e14-e8e882c80fdf","audika-france-21200","AUDIKA FRANCE","21200","","21 RUE D'ALSACE - 2 RUE THIERS","21"
"ea1106cc-1a61-48f0-9a1b-411453992da2","audika-france-06150","AUDIKA FRANCE","06150","","109 Avenue FRANCIS TONNER","06"
"2284dfa8-5e6d-47e7-8c5b-91f497bfa866","audika-france-14000","AUDIKA FRANCE","14000","","23 RUE DU 11 NOVEMBRE","14"
"f0dab103-af9b-4e03-b46c-f6ab91e76ff4","audika-france-31250","AUDIKA FRANCE","31250","","32 RUE VAURE","31"
"e004999b-c483-4672-b510-33e2e994025b","audika-france-32000","AUDIKA FRANCE","32000","","55 Rue DE LORRAINE","32"
"4e655b8e-de07-465c-a575-4afe4e9ec092","audika-france-34140","AUDIKA FRANCE","34140","","RD 613 - ANCIENNE ROUTE DE MONTPELLIER","34"
"45e1c7ab-1a5c-41b8-a04e-1c1ccef17299","audika-france-29910","AUDIKA FRANCE","29910","","2 BIS RUE DE PONT AVEN","29"
"60a9669e-0abe-4e3e-b251-7ecdab110f49","audika-france-39100","AUDIKA FRANCE","39100","","2 RUE DE BESANCON","39"
"00833381-7b84-45c4-b72c-7daed04eb2b7","audika-france-52000","AUDIKA FRANCE","52000","","AV. DES ETATS-UNIS","52"
"dc03bc69-16b4-4708-b515-0d989fcb2bc3","audika-france-51100","AUDIKA FRANCE","51100","","27 RUE COLBERT","51"
"1b5718a9-41e5-4d05-9047-ebf6d5f42a41","audika-france-57300","AUDIKA FRANCE","57300","","3 RUE DE LA GARE","57"
"6cfc3b57-3a20-477f-9c69-f4dc75b6ee96","audika-france-59360","AUDIKA FRANCE","59360","","14 PLACE SADI CARNOT","59"
"256ffaf0-ce2e-48d1-bf8d-3733b672689f","audika-france-50000","AUDIKA FRANCE","50000","","25 RUE DU MARECHAL LECLERC","50"
"cf2e04a7-0065-407a-9e40-8a008d05d02c","audika-france-56100","AUDIKA FRANCE","56100","","ET 3 RUE DE TURENNE","56"
"4dd3610c-801d-4108-b9dd-fc468a3c0c9a","audika-france-58000","AUDIKA FRANCE","58000","","27 RUE DU PETIT MOUESSE","58"
"ab79df6e-af54-40c1-8354-1542f086ebb2","audika-france-64140","AUDIKA FRANCE","64140","","20 ROUTE DE BAYONNE","64"
"6970d137-5bad-4d70-869a-540fe48a1731","audika-france-65100","AUDIKA FRANCE","65100","","1 RUE DE BAGNERES","65"
"5d7d203a-1796-41f8-87a5-cc443d6450b3","audika-france-62300","AUDIKA FRANCE","62300","","56 BD EMILE BASLY","62"
"4af6a923-69cf-44b6-abde-bfd67c82ad91","audika-france-63200","AUDIKA FRANCE","63200","","26 BD ETIENNE CLEMENTEL","63"
"886733f1-9b4d-42d7-9e7a-f64d6e442bfb","audika-france-71100","AUDIKA FRANCE","71100","","57 RUE D'AUTUN","71"
"843c47bf-43e8-43a5-8703-6ea5ff23be8d","audika-france-71300","AUDIKA FRANCE","71300","","32 RUE CARNOT","71"
"f3b92472-a7a6-4245-a3bb-0b67a1fb2988","audika-france-79300","AUDIKA FRANCE","79300","","8 RUE RENE HERY","79"
"721caa25-9558-4138-9d91-0fbbcd83eea2","audika-france-71200","AUDIKA FRANCE","71200","","35 RUE DU MARECHAL LECLERC","71"
"2dc2e762-c005-40b4-92d7-76d5024b5417","audika-france-69700","AUDIKA FRANCE","69700","","30 RUE ROGER SALENGRO","69"
"867ad107-21c3-47bf-90b9-2ab3c2df8800","audika-france-71000","AUDIKA FRANCE","71000","","54 RUE FRANCHE","71"
"c43485ef-8572-4929-b0a0-2e4bc94d84ff","audika-france-75015-2","AUDIKA FRANCE","75015","","131 RUE LECOURBE","75"
"c8bef87f-e2e7-4fd2-8168-d5761ab18fd8","audika-france-75018","AUDIKA FRANCE","75018","","32 RUE HERMEL","75"
"7f5956f2-9529-4301-96ae-6cf00125f121","audika-france-75015","AUDIKA FRANCE","75015","","158 RUE DE VAUGIRARD","75"
"d9a106fe-6d6c-4f07-94ea-9a8447d2f83b","audika-france-77100","AUDIKA FRANCE","77100","","75 BIS RUE DU FBG ST-NICOLAS","77"
"ffaa2ab7-7a87-4a28-8645-170e8298bd9e","audika-france-83700","AUDIKA FRANCE","83700","","72 PLACE DU MARECHAL GALLIENI","83"
"b67b9cc9-9cc1-4582-a1b9-828a8f0c0ad7","audika-france-82000","AUDIKA FRANCE","82000","","32 AVENUE DE GAMBETTA","82"
"99a73a0d-34d3-4fd1-84a7-e5ce4b582dbd","audika-france-92310","AUDIKA FRANCE","92310","","52 GRANDE RUE","92"
"94dcb6e3-92de-4ff8-8131-fce65d37b590","audika-france-93100","AUDIKA FRANCE","93100","","219 RUE DE PARIS","93"
"107bf5e9-040b-4d52-b773-d0984628fa1f","audika-france-91120","AUDIKA FRANCE","91120","","76 RUE DE PARIS","91"
"290c3121-f2b8-4b63-932c-db9fac45074e","audika-france-77000","AUDIKA FRANCE","77000","","13 PL. DE LA PORTE DE PARIS","77"
"75144b5a-f5ae-44de-93d6-7d1c5c68d3c8","audika-france-75016-2","AUDIKA FRANCE","75016","","12 AVENUE MOZART","75"
"cb630674-3ed4-4c53-a7a3-433d5f0bffcf","audika-france-75008","AUDIKA FRANCE","75008","","24 AV. DE FRIEDLAND","75"
"0ce51ea8-e47e-4478-b1a8-130c89199f7d","audika-france-80100","AUDIKA FRANCE","80100","","14 RUE JEAN DE PONTHIEU","80"
"344cbb88-ef76-4a97-a443-1be897c1f937","audika-france-78000","AUDIKA FRANCE","78000","","25/27 RUE DU MARECHAL FOCH","78"
"2c9d1914-75c8-415d-9bf8-26a21b5817db","audika-france-85000","AUDIKA FRANCE","85000","","6 RUE PAUL BAUDRY","85"
"c28059f1-aa83-48de-933b-31886847b989","audika-france-78120","AUDIKA FRANCE","78120","","15 RUE PATENOTRE","78"
"a79641c8-460e-43c0-89f3-231e0ff679d0","audika-france-78300","AUDIKA FRANCE","78300","","2 BD DE LA PAIX","78"
"8bba244b-c135-4342-b24b-d551a6bbb248","audika-france-91230","AUDIKA FRANCE","91230","","95 AVENUE DE LA REPUBLIQUE","91"
"cc476f34-b114-4aa3-af73-c3f20d75fb8d","audika-france-79000","AUDIKA FRANCE","79000","","11 AV. DES MARTYRS DE LA RESISTANCE","79"
"23fb7d9d-99c0-468a-8686-72a5ea8fcf5e","audika-france-91700","AUDIKA FRANCE","91700","","61 AVENUE GABRIEL PERI","91"
"2e061b62-7d4d-4d39-af7f-dc197db91460","audika-france-92200","AUDIKA FRANCE","92200","","21,RUE DU CHATEAU","92"
"3c5a9226-e25a-4c61-b872-cf01d198421f","audika-france-84300","AUDIKA FRANCE","84300","","21 RUE LAMARTINE","84"
"5c1a5ab9-bc96-4004-ac6c-1bd738b92fb4","audika-france-92210","AUDIKA FRANCE","92210","","9 RUE DE MONTRETOUT","92"
"77e54c98-ec4b-4cb2-9bad-ae78a7a1fac8","audika-france-93200","AUDIKA FRANCE","93200","","14 RUE GABRIEL PERI","93"
"72915abe-62cc-4f60-88da-5fc4a4830c06","audika-france-93110","AUDIKA FRANCE","93110","","9 PLACE CARNOT","93"
"fa0f5e80-01cb-4de5-9018-af7a4eba0931","audika-france-94000","AUDIKA FRANCE","94000","","44 RUE DU GENERAL LECLERC","94"
"ba81a87c-0e8e-41c9-93da-9e7aea017695","audika-france-93600","AUDIKA FRANCE","93600","","9 ROUTE DE BONDY","93"
"17dcc22a-48f6-4c45-a30e-ab4971eb87d7","audika-france-94600","AUDIKA FRANCE","94600","","4 AVENUE GAMBETTA","94"
"e4320b82-b193-4fc1-be3c-9336cadb42a6","amplifon-france-01000-bourg-en-bresse","AMPLIFON FRANCE","01000","Bourg-en-Bresse","3  RUE BERNARD","01"
"dee16233-0e9a-40a8-9199-8aff85746ca1","amplifon-france-01630-saint-genis-pouilly","AMPLIFON FRANCE","01630","Saint-Genis-Pouilly","1  RUE DE LYON","01"
"1ea32eb7-8d3f-4c4c-89f2-cf6ca82b9a45","sas-sonova-audiological-care-france-46000","SAS SONOVA AUDIOLOGICAL CARE FRANCE","46000","","Chemin DES MATHIEUX LA BEYNE EST","46"
"def07589-4941-4ec8-917c-6f46c6b3465a","amplifon-france-03120-lapalisse","AMPLIFON FRANCE","03120","Lapalisse","7  RUE WINSTON CHURCHILL","03"
"32a7f684-776d-428b-8bd5-125e8a7290bc","amplifon-france-05200-embrun","AMPLIFON FRANCE","05200","Embrun","16  RUE DES CORDELIERS","05"
"a710905d-2cfd-485a-a173-bc7ee84bb6e1","sonova-audiological-care-france-sas-24120-terrasson-lavilledieu","SONOVA AUDIOLOGICAL CARE FRANCE SAS","24120","Terrasson-Lavilledieu","46  AV VICTOR HUGO","24"
"80be73dd-06f4-432c-a79f-02aefb54a088","sas-sonova-audiological-care-france-35000","SAS SONOVA AUDIOLOGICAL CARE FRANCE","35000","","97 Rue DE L'ALMA","35"
"44397e91-4541-4e8e-bd1f-c23efe449f55","amplifon-france-06300-nice","AMPLIFON FRANCE","06300","Nice","27  AV DE LA REPUBLIQUE","06"
"56c56110-03ad-4407-8101-4cbffb56b6f7","sonova-audiological-care-france-sas-32500-fleurance","SONOVA AUDIOLOGICAL CARE FRANCE SAS","32500","Fleurance","95  RUE PASTEUR","32"
"7f2a8355-2579-4be0-b668-938a5c0f103f","sonova-audiological-care-france-sas-48100-marvejols","SONOVA AUDIOLOGICAL CARE FRANCE SAS","48100","Marvejols","3  RUE DE LA REPUBLIQUE","48"
"7e62fab2-e568-4a6d-b706-b58e9f323ac0","amplifon-france-06800-cagnes-sur-mer","AMPLIFON FRANCE","06800","Cagnes-sur-Mer","29  AV DE VERDUN","06"
"e5da64f1-d512-42b0-a61a-76dade6bd9e0","amplifon-france-18000-bourges","AMPLIFON FRANCE","18000","Bourges","21  RUE DU CHATEAU D'EAU","18"
"4369f7db-eb4b-4e4d-879f-57e8c93c0be8","acuitis-france-06000-nice","ACUITIS FRANCE","06000","Nice","30  AV JEAN MEDECIN","06"
"1ae9e38b-19b1-49b0-b5f7-cfe978ddb451","sas-sonova-audiological-care-france-47550","SAS SONOVA AUDIOLOGICAL CARE FRANCE","47550","","Zone d amenagement concerte TRENQUE","47"
"15dfece0-797b-4e9b-9ee7-0fd7a8969c4f","sas-sonova-audiological-care-france-07100","SAS SONOVA AUDIOLOGICAL CARE FRANCE","07100","","18 Avenue JEAN JAURES","07"
"f3c4d70f-8745-4af0-816c-309babeeda4a","amplifon-france-08200-sedan","AMPLIFON FRANCE","08200","Sedan","19  AV MARECHAL LECLERC","08"
"a9be688c-5b4c-452d-8cca-6224b473a5b1","sas-sonova-audiological-care-france-09200","SAS SONOVA AUDIOLOGICAL CARE FRANCE","09200","","9 Rue VILLEFRANCHE","09"
"9c70efe7-0597-46f0-9e9f-802357b09fce","sonova-audiological-care-france-sas-33200-bordeaux","SONOVA AUDIOLOGICAL CARE FRANCE SAS","33200","Bordeaux","237  AV MAL DE LATTRE DE TASSIGNY","33"
"c2d6da7c-5b72-4649-b1ca-b211ac698b8c","amplifon-france-10300-sainte-savine","AMPLIFON FRANCE","10300","Sainte-Savine","27  AV GEN GALLIENI","10"
"bdd1e472-1272-4304-9f47-ec82e57066cb","amplifon-france-38530-pontcharra","AMPLIFON FRANCE","38530","Pontcharra","188  RUE LAURENT GAYET","38"
"ca6919ae-1e36-49cc-8e8a-5fb537d031cc","amplifon-france-38110-la-tour-du-pin","AMPLIFON FRANCE","38110","La Tour-du-Pin","30  RUE ARISTIDE BRIAND","38"
"9e1fa594-0dfe-4f3e-96b0-5b57e0d96e5f","audilab-val-de-france-41100-vendome","AUDILAB VAL DE FRANCE","41100","Vendôme","29  RUE DU CHANGE","41"
"70e86975-2d9e-4ca2-a412-9481ca20237e","audilab-val-de-france-45380","AUDILAB VAL DE FRANCE","45380","","32 Rue NATIONALE","45"
"1bfc5f49-1174-4a2a-ba79-de68b82da93e","amplifon-france-11150-bram","AMPLIFON FRANCE","11150","Bram","60  AV ERNEST LEOTARD","11"
"6c21ff58-6ea3-4962-aad3-025b5c13819c","amplifon-france-12100-millau","AMPLIFON FRANCE","12100","Millau","14  BD DE L AYROLLE","12"
"4b469b8f-b490-4205-abec-e0ab058d842b","amplifon-france-78180-montigny-le-bretonneux","AMPLIFON FRANCE","78180","Montigny-le-Bretonneux","1  BD VAUBAN","78"
"e932947c-7d83-42f7-8971-5eab4b9581d3","amplifon-france-83500-la-seyne-sur-mer","AMPLIFON FRANCE","83500","La Seyne-sur-Mer","RUE EDOUARD MANET","83"
"401d6947-469b-4d44-8e27-d4af2f264e12","sonova-audiological-care-france-sas-13140-miramas","SONOVA AUDIOLOGICAL CARE FRANCE SAS","13140","Miramas","22  AV CHARLES DE GAULLE","13"
"f7b67800-80f5-45cc-9ed4-9aa4f2f2c242","amplifon-france-14760-bretteville-sur-odon","AMPLIFON FRANCE","14760","Bretteville-sur-Odon","12  RUE DES FORQUES","14"
"4b1e6f73-9cda-4fb8-bd75-e83187647f2a","amplifon-france-14000-caen","AMPLIFON FRANCE","14000","Caen","19  PL DE LA REPUBLIQUE","14"
"c3080be8-08c7-494a-9038-04408fc6cf1e","amplifon-france-14200-herouville-saint-clair","AMPLIFON FRANCE","14200","Hérouville-Saint-Clair","BD DU VAL","14"
"20e5ddc1-8423-4fa2-821e-eda4f9746e7e","sonova-audiological-care-france-sas-14700-falaise","SONOVA AUDIOLOGICAL CARE FRANCE SAS","14700","Falaise","36  PL BELLE CROIX","14"
"92d27a3d-3101-4572-9782-c24f5f790470","amplifon-france-01100-oyonnax","AMPLIFON FRANCE","01100","Oyonnax","21  RUE JULES MICHELET","01"
"b33789ef-3e1f-4de7-aa57-20d0011703fd","sas-sonova-audiological-care-france-05000","SAS SONOVA AUDIOLOGICAL CARE FRANCE","05000","","28 Rue PASTEUR","05"
"c5fabd8a-daf8-46b5-bab8-03f0d3d471da","amplifon-france-17140-lagord","AMPLIFON FRANCE","17140","Lagord","4  RUE LOUIS TARDY","17"
"384aad69-8eec-4b89-aea7-2fc9e5a642bf","sas-sonova-audiological-care-france-82200","SAS SONOVA AUDIOLOGICAL CARE FRANCE","82200","","24 Rue MALAVEILLE","82"
"c7c3aa27-c6d9-4a83-a9c0-cc0f1dd93f51","amplifon-france-17000-la-rochelle","AMPLIFON FRANCE","17000","La Rochelle","1  RUE FLEURIAU","17"
"6092be8e-d6ad-4512-a2d3-dcea1589b91c","sonova-audiological-care-france-sas-91410-dourdan","SONOVA AUDIOLOGICAL CARE FRANCE SAS","91410","Dourdan","4  PL DU GENERAL DE GAULLE","91"
"f5c483e4-c465-4a4b-906f-90affe709250","sonova-audiological-care-france-sas-88250-la-bresse","SONOVA AUDIOLOGICAL CARE FRANCE SAS","88250","La Bresse","5  RUE PAUL CLAUDEL","88"
"276f1c25-aa50-4770-97da-608434ea42a7","sonova-audiological-care-france-sas-19130-objat","SONOVA AUDIOLOGICAL CARE FRANCE SAS","19130","Objat","52  AV JEAN LASCAUX","19"
"bb64211f-7b50-4870-8a70-186ee8939e8f","sonova-audiological-care-france-sas-paris-5370","SONOVA AUDIOLOGICAL CARE FRANCE SAS","75012","PARIS","8 RUE DES PIROGUES DE BERCY","75"
"036fb24b-6572-4095-a6e9-ee9a650789c9","amplifon-france-21800-quetigny","AMPLIFON FRANCE","21800","Quetigny","RUE DES CHALANDS","21"
"4cc2739f-f8c7-4c5f-90e1-6c8f5cc11169","amplifon-france-22400-lamballe-armor","AMPLIFON FRANCE","22400","Lamballe-Armor","17  RUE DU VAL","22"
"d6a2d692-1ab7-462c-bf16-c9a1ada22ae3","amplifon-france-13400-aubagne","AMPLIFON FRANCE","13400","Aubagne","2  CRS BARTHELEMY","13"
"f0913fcd-0297-4293-a9a6-4a690f7a96b0","vyv3-ile-de-france-94300-vincennes","VYV3 ILE-DE-FRANCE","94300","Vincennes","8  AV DU CHATEAU","94"
"a346bd3b-a301-4f41-81fd-49bc2439fd9b","sas-sonova-audiological-care-france-22500","SAS SONOVA AUDIOLOGICAL CARE FRANCE","22500","","3 Place DE BRETAGNE","22"
"4cdc5c83-d25e-4cf0-bfc6-2027e6c100d8","sas-sonova-audiological-care-france-19400","SAS SONOVA AUDIOLOGICAL CARE FRANCE","19400","","6 Avenue DU JARDIN PUBLIC","19"
"7322a38e-8385-4b61-b128-0cb8e01083dc","sonova-audiological-care-france-sas-22000","SONOVA AUDIOLOGICAL CARE FRANCE SAS","22000","","9 Boulevard CLEMENCEAU","22"
"1b9ec810-63da-435b-867c-d2359959a8cd","amplifon-france-14120-mondeville","AMPLIFON FRANCE","14120","Mondeville","17  RUE CHAPRON","14"
"705c6246-9247-4ee9-acb6-4c58df23aa95","amplifon-france-01200-valserhone","AMPLIFON FRANCE","01200","Valserhône","5  RUE JOSEPH BERTOLA","01"
"725d9a90-bc7e-4bf6-a095-2ff40fc3b3b1","sas-sonova-audiological-care-france-27600","SAS SONOVA AUDIOLOGICAL CARE FRANCE","27600","","Centre commercial GALERIE MARCHANDE AUCHAN","27"
"95a91f64-08c3-428f-ba67-cb4206e09d2e","audilab-val-de-france-28130","AUDILAB VAL DE FRANCE","28130","","5 Rue DU PONT ROUGE","28"
"f8ad5e21-953b-40ff-9f36-e3cb9d6e9c6d","audilab-val-de-france-28160","AUDILAB VAL DE FRANCE","28160","","26 Rue DE LA CHEVALERIE","28"
"16201132-0fd1-4f8e-bf2f-5bf3a82396bb","sas-sonova-audiological-care-france-sas-29800","SAS SONOVA AUDIOLOGICAL CARE FRANCE SAS","29800","","5 Rue FRANCOIS PENGAM","29"
"0c6da42f-520a-4deb-bdd6-6f5bf0bee66d","sas-sonova-audiological-care-france-29600","SAS SONOVA AUDIOLOGICAL CARE FRANCE","29600","","4 Place CORNIC","29"
"39591204-000a-4912-b47f-8f35ed6c7df5","amplifon-france-29000-quimper","AMPLIFON FRANCE","29000","Quimper","35  AV DE LA GARE","29"
"911fef3e-7e14-433e-9343-c6923fa33c85","amplifon-france-17200-royan","AMPLIFON FRANCE","17200","Royan","58  RUE PIERRE LOTI","17"
"94a8a6ae-2b4d-4676-9fdb-306012bb5119","amplifon-france-21000-dijon-2","AMPLIFON FRANCE","21000","Dijon","19  BD DE BROSSES","21"
"9175c300-a63c-4064-864b-2bd77eed829f","amplifon-france-21140-semur-en-auxois","AMPLIFON FRANCE","21140","Semur-en-Auxois","19  AV DU GEN MAZILLIER","21"
"c60cba41-e47a-4ae3-ba69-6d992215d762","sonova-audiological-care-france-sas-10000-troyes","SONOVA AUDIOLOGICAL CARE FRANCE SAS","10000","Troyes","13  BD DU PREMIER RAM","10"
"17c7c5c6-cd64-4415-b8a2-856ee6e8a814","sas-sonova-audiological-care-france-31700","SAS SONOVA AUDIOLOGICAL CARE FRANCE","31700","","1 Route D'AUSSONNE","31"
"61220379-b013-4a68-860b-6260216ad02c","amplifon-france-31350-boulogne-sur-gesse","AMPLIFON FRANCE","31350","Boulogne-sur-Gesse","52  PL DE LA MAIRIE","31"
"fe7bd477-6093-4b0b-b777-320f86fa0d1f","nd-fort-de-france-0010","[ND]","[ND]","FORT-DE-FRANCE","[ND] [ND] [ND]","[N"
"d824966e-5a0d-404c-a3c1-e204f18a3812","amplifon-france-31800-saint-gaudens","AMPLIFON FRANCE","31800","Saint-Gaudens","26  AV DE L ISLE","31"
"ce628213-6932-49cb-aff8-331caca41585","sonova-audiological-care-france-sas-11370-leucate","SONOVA AUDIOLOGICAL CARE FRANCE SAS","11370","Leucate","CENTRE COMMERCIAL MALAGAITO SUD","11"
"983fbf25-6d95-46e9-bdf5-5d19b83cb533","sogalaud-fort-de-france-0015","SOGALAUD","97200","FORT-DE-FRANCE","55 ROUTE DE MOUTTE","972"
"c73acae3-3e44-4684-9308-67ebd25c307f","amplifon-france-31000-toulouse","AMPLIFON FRANCE","31000","Toulouse","31  ALL JEAN JAURES","31"
"140fde06-dab6-4be0-b2d3-53c06fbfd2a0","medic-all-france-tincques-0017","MEDIC'ALL FRANCE","62127","TINCQUES","27 RUE PRINCIPALE","62"
"dab3fbcd-8848-4946-9b57-786f979ab3e5","amplifon-france-31170-tournefeuille","AMPLIFON FRANCE","31170","Tournefeuille","50  RUE GASTON DOUMERGUE","31"
"c6974cce-44c2-479a-9e9f-1f3a6edcd6e5","sonova-audiological-care-france-sas-32600-l-isle-jourdain","SONOVA AUDIOLOGICAL CARE FRANCE SAS","32600","L'Isle-Jourdain","3  RUE DU XIV JUILLET","32"
"069d6cab-7808-4d5c-b6a6-40d490dcab6c","amplifon-france-16300-barbezieux-saint-hilaire","AMPLIFON FRANCE","16300","Barbezieux-Saint-Hilaire","38  RUE VICTOR HUGO","16"
"6e6961db-a392-46e3-a73f-f39f61dc7710","amplifon-france-11300-limoux","AMPLIFON FRANCE","11300","Limoux","53  RUE JEAN JAURES","11"
"d66f8bd2-355c-4a6f-8f63-2cc51753f8a5","sas-sonova-audiological-care-france-33350","SAS SONOVA AUDIOLOGICAL CARE FRANCE","33350","","1 Avenue DE L'EUROPE","33"
"25f71bc3-003d-4daf-a262-cbc5801bd7da","sas-sonova-audiological-care-france-33160","SAS SONOVA AUDIOLOGICAL CARE FRANCE","33160","","56 Avenue MONTESQUIEU","33"
"cc8ed8aa-3f8f-4158-bca3-32d1a38ad80b","sonova-audiological-care-france-sas-33185","SONOVA AUDIOLOGICAL CARE FRANCE SAS","33185","","3 Square CONDORCET","33"
"c5a8c9fc-db89-4814-843f-88b7242f9310","amplifon-france-33120-arcachon","AMPLIFON FRANCE","33120","Arcachon","24  CRS TARTAS","33"
"e7932e4d-6045-4f5a-ae0d-430bac93d71b","sonova-audiological-care-france-sas-33120","SONOVA AUDIOLOGICAL CARE FRANCE SAS","33120","","71 Cours HERICART DE THURY","33"
"cedbad5a-712d-4f63-8f78-7367927ee809","sonova-audiological-care-france-sas-33440-ambares-et-lagrave","SONOVA AUDIOLOGICAL CARE FRANCE SAS","33440","Ambarès-et-Lagrave","7  RUE EDOUARD HERRIOT","33"
"18ce37e0-506a-435c-918f-a1e6ec69efe8","amplifon-france-33800-bordeaux","AMPLIFON FRANCE","33800","Bordeaux","15  BD ALBERT 1ER","33"
"8aa00390-5fe0-49e1-9f25-5b1f72e0d301","amplifon-france-26000-valence","AMPLIFON FRANCE","26000","Valence","21  RUE CHEVANDIER","26"
"d172afee-7549-4da4-b008-25455c60e446","amplifon-france-14150-ouistreham","AMPLIFON FRANCE","14150","Ouistreham","114  RUE GAMBETTA","14"
"0db34326-7b37-4b99-9a37-6482270a7949","sonova-audiological-care-france-sas-33470-gujan-mestras","SONOVA AUDIOLOGICAL CARE FRANCE SAS","33470","Gujan-Mestras","2  ALL FRANCOIS MANSART","33"
"712e1f80-22ef-4361-bcbe-590945993813","amplifon-france-33260-la-teste-de-buch","AMPLIFON FRANCE","33260","La Teste-de-Buch","1  RUE DU GEN GALLIENI","33"
"517be764-e3a9-4cf2-9004-8ab4bb5e2d52","sonova-audiological-care-france-sas-11200-lezignan-corbieres","SONOVA AUDIOLOGICAL CARE FRANCE SAS","11200","Lézignan-Corbières","16  RUE DES GARRIGUES","11"
"2debdefa-f8c0-4710-8124-1ceb42c07b1f","amplifon-france-33540-sauveterre-de-guyenne","AMPLIFON FRANCE","33540","Sauveterre-de-Guyenne","16  PL DE LA REPUBLIQUE","33"
"b1ff7b33-f535-405d-af72-abd78db3b741","sonova-audiological-care-france-sas-33600-pessac","SONOVA AUDIOLOGICAL CARE FRANCE SAS","33600","Pessac","110  AV PASTEUR","33"
"8ad8a44f-f0bc-4eb4-9452-7a31d99cdf2d","sas-audiological-care-france-34110","SAS AUDIOLOGICAL CARE FRANCE","34110","","33 Rue SAINT-PAUL","34"
"af8e264f-28a3-4e9a-a815-c9e78d08a65d","audilab-val-de-france-28200","AUDILAB VAL DE FRANCE","28200","","Route DE VARENNE","28"
"5141c881-0ffb-4426-9b22-2484cea081b0","afflelou-acousticien-tremblay-en-france-0013","AFFLELOU ACOUSTICIEN","93290","TREMBLAY-EN-FRANCE","30 RUE DES BUISSONS","93"
"641e1c5a-54fb-4db0-ab9c-001ee2017ead","sarl-audition-france-35230","SARL AUDITION FRANCE","35230","","4 Rue DES POTIERS","35"
"9702887a-89ba-4308-acba-af43059509dd","amplifon-france-21130-auxonne","AMPLIFON FRANCE","21130","Auxonne","RUE COLONEL REDOUTEY","21"
"b3bd5471-8e73-4bb0-8210-395018d6ef23","sas-sonova-audiological-care-france-35700","SAS SONOVA AUDIOLOGICAL CARE FRANCE","35700","","149 Rue DE FOUGERES","35"
"c7184eab-58b9-4b05-bdc8-ad4a50fb6743","amplifon-france-35000-rennes-2","AMPLIFON FRANCE","35000","Rennes","2  RUE DE LORIENT","35"
"664f0645-0637-4bba-9d63-cfce5aed4240","sonova-audiological-care-france-sas-27600-gaillon","SONOVA AUDIOLOGICAL CARE FRANCE SAS","27600","Gaillon","8  RUE DES ARRIERES FOSSES","27"
"ade4bc1f-a6f6-40c8-a135-9eeaa66a618e","amplifon-france-36300-le-blanc","AMPLIFON FRANCE","36300","Le Blanc","10  PL ANDRE GASNIER","36"
"276e5ace-d4cc-478b-b3a9-a9ac12343983","sas-sonova-audiological-care-france-31500","SAS SONOVA AUDIOLOGICAL CARE FRANCE","31500","","35 Route D AGDE","31"
"a881261e-01e7-4376-9074-6495d36929a5","amplifon-france-25200-montbeliard","AMPLIFON FRANCE","25200","Montbéliard","4  RUE DE L HOTEL DE VILLE","25"
"257308a6-6534-4438-82ac-3b6f1fad46ea","sas-sonova-audiological-care-france-34440","SAS SONOVA AUDIOLOGICAL CARE FRANCE","34440","","4 Traverse DE BEZIERS","34"
"3a60723b-cfa7-4a8f-8adf-dbbcb2a7470c","sas-sonova-audiological-care-france-38550","SAS SONOVA AUDIOLOGICAL CARE FRANCE","38550","","12 Place PAUL MORAND","38"
"4040b3a3-d085-4083-826d-69dbe8961d8e","amplifon-france-38160-saint-marcellin","AMPLIFON FRANCE","38160","Saint-Marcellin","16  GRANDE RUE","38"
"63aa2d4d-4936-4581-87ce-5c6a1a92bf73","amplifon-france-39600-arbois","AMPLIFON FRANCE","39600","Arbois","GRANDE RUE","39"
"52060e5b-12be-4323-bc03-ff6bb40763ae","audilab-val-de-france-41140","AUDILAB VAL DE FRANCE","41140","","17 Rue PIERRE ET MARIE CURIE","41"
"41d5245b-4ee6-442a-88f7-cdbe25c51e51","audilab-val-de-france-41000","AUDILAB VAL DE FRANCE","41000","","12 Rue DU MAL DE LATTRE DE TASSIGNY","41"
"18202095-b0a5-4120-8886-fee809dfccbd","sonova-audiological-care-france-sas-40100-dax-2","SONOVA AUDIOLOGICAL CARE FRANCE SAS","40100","Dax","28  PL MARECHAL JOFFRE","40"
"f59ca47c-075e-41bc-b4a0-6c3dc5d2baf1","sonova-audiological-care-france-sas-40100-dax","SONOVA AUDIOLOGICAL CARE FRANCE SAS","40100","Dax","28  RUE SAINT PIERRE","40"
"499b1d1e-9019-416e-a3e8-fbfdd5ec3e06","amplifon-france-29170-saint-evarzec","AMPLIFON FRANCE","29170","Saint-Évarzec","10 Rue DE KERNEVELECK","29"
"f52cd425-e642-44ff-a16d-f80569e81133","sonova-audiological-care-france-sas-40160-parentis-en-born","SONOVA AUDIOLOGICAL CARE FRANCE SAS","40160","Parentis-en-Born","71  RTE DE PONTENX","40"
"134db428-e4b1-45b9-9bd1-e6c7b364018b","audilab-val-de-france-41100","AUDILAB VAL DE FRANCE","41100","","Route DE BLOIS","41"
"37207b2d-7a42-4ab5-a757-e500decad398","audilab-val-de-france-41200","AUDILAB VAL DE FRANCE","41200","","11 Place DE LA PAIX","41"
"437e49bc-c9c5-4a71-beb1-f2a4b1744551","sonova-audiological-care-france-sas-41400-montrichard-val-de-cher","SONOVA AUDIOLOGICAL CARE FRANCE SAS","41400","Montrichard Val de Cher","45  RUE NATIONALE","41"
"779417a9-3123-4ca7-80ec-906402350991","sonova-audiological-care-france-sas-33170-gradignan","SONOVA AUDIOLOGICAL CARE FRANCE SAS","33170","Gradignan","231  CRS DU GENERAL DE GAULLE","33"
"809a8284-8bf5-492b-baf2-84f923deccd5","amplifon-france-26100-romans-sur-isere","AMPLIFON FRANCE","26100","Romans-sur-Isère","63  RUE GUILLAUME","26"
"446e2014-a28b-4a12-8db3-3696984afe59","amplifon-france-33700-merignac","AMPLIFON FRANCE","33700","Mérignac","3  AV DE LA LIBERATION","33"
"3cf0d702-ce04-4e30-a0e9-79878dd2ef5c","acuitis-france-42100-saint-etienne","ACUITIS FRANCE","42100","Saint-Étienne","MONTHIEU","42"
"75a5d1fd-3885-4b39-9bd5-5b177753b491","amplifon-france-27400-louviers","AMPLIFON FRANCE","27400","Louviers","6  RUE DU SORNIER","27"
"bf802cb3-d444-44ab-aa83-85b72d0c03d7","amplifon-france-44200-nantes","AMPLIFON FRANCE","44200","Nantes","50  RTE DE CLISSON","44"
"d7114cbd-a852-451d-85f2-0f63dba0d614","sas-sonova-audiological-care-france-32800","SAS SONOVA AUDIOLOGICAL CARE FRANCE","32800","","10 Rue SAINT JULY","32"
"04f21b3c-3e02-4855-896d-2466ee439afb","sonova-audiological-care-france-sas-44000-nantes","SONOVA AUDIOLOGICAL CARE FRANCE SAS","44000","Nantes","31  BD GABRIEL GUIST HAU","44"
"7869fa22-33d3-4826-a3e0-99c720e88916","amplifon-france-44980-sainte-luce-sur-loire","AMPLIFON FRANCE","44980","Sainte-Luce-sur-Loire","PL DU 11 NOVEMBRE 1918","44"
"fda2f411-d7c5-48ac-876b-b50007c54524","audilab-val-de-france-45000","AUDILAB VAL DE FRANCE","45000","","16 Rue BANNIER","45"
"469a14fb-f117-4054-be24-09eb0e9e3d0b","audilab-val-de-france-audilab-45750","AUDILAB VAL DE FRANCE - AUDILAB","45750","","Avenue DU TRAITE DE ROME","45"
"2e815ce2-ee0c-46db-a77b-ef1a07100e36","audilab-val-de-france-45160-olivet","AUDILAB VAL DE FRANCE","45160","Olivet","412  RUE DE LA JUINE","45"
"f322d5a0-8524-4d1b-9ef3-bfa7c02aaa23","amplifon-france-25000-besancon","AMPLIFON FRANCE","25000","Besançon","82  GRANDE RUE","25"
"56dca00a-0f37-407d-8212-a0258d539f58","sas-sonova-audiological-care-france-27950","SAS SONOVA AUDIOLOGICAL CARE FRANCE","27950","","Rue DES CHARTREUX","27"
"345b7ce9-92c8-4b10-b401-4214e9b11265","sonova-audiological-care-france-sas-46220-prayssac","SONOVA AUDIOLOGICAL CARE FRANCE SAS","46220","Prayssac","5  AV MARECHAL BESSIERES","46"
"df8c992f-bbf7-426e-8839-e180de2c59c1","sonova-audiological-care-france-sas-47600","SONOVA AUDIOLOGICAL CARE FRANCE SAS","47600","","7 Avenue MONDENARD","47"
"79e11f0d-d4ac-4481-b2b6-267b3cbc4c17","amplifon-france-47520-le-passage","AMPLIFON FRANCE","47520","Le Passage","108  AV MICHEL RICARD","47"
"157e421b-a74d-443e-8b68-d6da58c7304f","amplifon-france-49160-longue-jumelles","AMPLIFON FRANCE","49160","Longué-Jumelles","8  PL CLEMENCEAU","49"
"f9888610-170a-442c-ad57-54625fb4e389","sonova-audiological-care-france-sas-saint-magne-de-castillon-5453","SONOVA AUDIOLOGICAL CARE FRANCE SAS","33350","SAINT-MAGNE-DE-CASTILLON","1 AVENUE DE L'EUROPE","33"
"1db27be9-f894-412b-8b38-a976859fec5c","sonova-audiological-care-france-sas-49300-cholet","SONOVA AUDIOLOGICAL CARE FRANCE SAS","49300","Cholet","10  PL DU MAIL","49"
"9796b560-489d-4535-8d04-289651501b19","amplifon-france-49124-saint-barthelemy-d-anjou","AMPLIFON FRANCE","49124","Saint-Barthélemy-d'Anjou","16  RTE D'ANGERS","49"
"76c39ae8-928b-4b4d-849d-9a529c84ad7d","sonova-audiological-care-france-sas-50170-pontorson","SONOVA AUDIOLOGICAL CARE FRANCE SAS","50170","Pontorson","45  RUE COUESNON","50"
"5bdb39b0-caa1-4b24-980f-fc8e7b0ef9e5","sonova-audiological-care-france-sas-50600-saint-hilaire-du-harcouet","SONOVA AUDIOLOGICAL CARE FRANCE SAS","50600","Saint-Hilaire-du-Harcouët","13  AV DU MARECHAL LECLERC","50"
"4d9d6e35-cef4-4bfc-9142-a473848ffc09","sonova-audiological-care-france-sas-50300-avranches","SONOVA AUDIOLOGICAL CARE FRANCE SAS","50300","Avranches","27  RUE DE LA CONSTITUTION","50"
"244b52e1-6428-4f97-9943-1226d12fe2e8","amplifon-france-33000-bordeaux","AMPLIFON FRANCE","33000","Bordeaux","43  RUE FONDAUDEGE","33"
"65bb7ea0-3453-435e-9e1a-60930134371f","sonova-audiological-care-france-sas-33850-leognan","SONOVA AUDIOLOGICAL CARE FRANCE SAS","33850","Léognan","3  CRS MAL DE LATTRE DE TASSIGNY","33"
"44f24395-4526-4ce7-b748-7e322d2d0fb3","amplifon-france-40000-mont-de-marsan","AMPLIFON FRANCE","40000","Mont-de-Marsan","122  BD DE LA REPUBLIQUE","40"
"5312e183-47bb-4f90-8f7b-327071c0882f","amplifon-france-43000-le-puy-en-velay","AMPLIFON FRANCE","43000","Le Puy-en-Velay","33  PL DU BREUIL","43"
"63c10526-7a7c-4d30-8097-5abdecab9c95","sonova-audiological-care-france-sas-38510","SONOVA AUDIOLOGICAL CARE FRANCE SAS","38510","","Zone ARTISANALE DU LANTEY","38"
"abea8384-4c66-419e-9b18-92cbbcbe47fa","amplifon-france-44500-la-baule-escoublac","AMPLIFON FRANCE","44500","La Baule-Escoublac","25  ALL DES PETRELS","44"
"6a932cad-6956-4745-8492-7b872e882189","sas-sonova-audiological-care-france-34500","SAS SONOVA AUDIOLOGICAL CARE FRANCE","34500","","2 Boulevard JEAN BOUIN","34"
"1c46da9b-ba15-42d4-9a7e-90260d442531","sonova-audiological-care-france-sas-56240-plouay","SONOVA AUDIOLOGICAL CARE FRANCE SAS","56240","Plouay","9  RUE DU GENERAL DE GAULLE","56"
"78b7e72a-7fd8-4f96-9dfd-f82933663e8f","amplifon-france-56000-vannes","AMPLIFON FRANCE","56000","Vannes","RUE DOCTEUR JOSEPH AUDIC","56"
"b291f2e1-2fdf-416f-a4e7-ce0c6b78fe07","amplifon-france-35760-saint-gregoire","AMPLIFON FRANCE","35760","Saint-Grégoire","9  BD DE LA BOUTIERE","35"
"737896cd-0e1e-4b73-ace3-4e7c2dac991a","sonova-audiological-care-france-sas-57050-longeville-les-metz","SONOVA AUDIOLOGICAL CARE FRANCE SAS","57050","Longeville-lès-Metz","96  RUE DU GENERAL DE GAULLE","57"
"29ffcef9-2aef-4195-ab05-f57940b93d21","amplifon-france-58200-cosne-cours-sur-loire","AMPLIFON FRANCE","58200","Cosne-Cours-sur-Loire","14  BD DE LA REPUBLIQUE","58"
"cb4d2c21-9f3b-4b14-90be-0a9c20bb1efb","amplifon-france-39000-lons-le-saunier","AMPLIFON FRANCE","39000","Lons-le-Saunier","11  PL DE L HOTEL DE VILLE","39"
"2780e746-d7f4-4c48-a462-5c5ca48c749f","amplifon-france-44150-ancenis-saint-gereon","AMPLIFON FRANCE","44150","Ancenis-Saint-Géréon","150  AV FRANCIS ROBERT","44"
"3645f48d-e635-4f6a-9c81-0efc63c35a09","sonova-audiological-care-france-sas-40260-castets","SONOVA AUDIOLOGICAL CARE FRANCE SAS","40260","Castets","48  RUE SAINTE HELENE","40"
"3253bdf5-ce69-406f-90cf-18d44d2ad9ae","amplifon-france-44700-orvault","AMPLIFON FRANCE","44700","Orvault","1  RUE DU RAFFUNEAU","44"
"7899782b-1ee2-486d-9a51-04d8c4d1391c","amplifon-france-33200-bordeaux","AMPLIFON FRANCE","33200","Bordeaux","RUE BELLUS MAREILHAC","33"
"67a29397-9b7d-42de-a6a4-132b5cf45641","amplifon-france-40390-saint-martin-de-seignanx","AMPLIFON FRANCE","40390","Saint-Martin-de-Seignanx","ALL DE PETIT PIERRE","40"
"4c84e7d7-695d-4e8e-91fc-92ad79d95404","amplifon-france-59140-dunkerque","AMPLIFON FRANCE","59140","Dunkerque","11  RUE THIERS","59"
"db84f71a-2a64-4528-95a8-29ef91c7b719","handi-move-hauts-de-france-hesdin-la-foret-0026","HANDI-MOVE HAUTS DE FRANCE","62140","HESDIN-LA-FORET","9 BOULEVARD SEBASTOPOL","62"
"5909de26-bd8b-4ce3-9528-8264215e9db7","sas-sonova-audiological-care-france-44240","SAS SONOVA AUDIOLOGICAL CARE FRANCE","44240","","31 Rue HERVE LE GUYADER","44"
"5796b59d-82af-4fe0-8423-cc07ba6422a3","audilab-val-de-france-audilab-41260","AUDILAB VAL DE FRANCE - AUDILAB","41260","","6 Rue PROFESSEUR PHILIPPE MAUPAS","41"
"7c125532-5b1e-460e-b966-9b28169f66d2","amplifon-france-35000-rennes","AMPLIFON FRANCE","35000","Rennes","22  RUE DU MARECHAL JOFFRE","35"
"0e93cbd0-a48c-4f5c-bb8e-b6f2904bf411","amplifon-france-42300-roanne","AMPLIFON FRANCE","42300","Roanne","4  PL DES PROMENADES POPULLE","42"
"f4b8bbbe-3276-489d-9180-22bcc3e6be1f","audilab-val-de-france-41000-2","AUDILAB VAL DE FRANCE","41000","","5 Rue DU COLONEL DE MONTLAUR","41"
"715cf68b-87fc-4f06-a7d7-cc6003c2be50","sonova-audiological-care-france-sas-39140-bletterans","SONOVA AUDIOLOGICAL CARE FRANCE SAS","39140","Bletterans","3  RUE LOUIS LE GRAND","39"
"714a73d1-c5ff-40d9-aa75-d3560b904cd3","sonova-audiological-care-france-sas-62000-arras","SONOVA AUDIOLOGICAL CARE FRANCE SAS","62000","Arras","15  RUE PASTEUR","62"
"4945d95c-ddf5-4f2a-b8fe-968827234c65","amplifon-france-40200-mimizan","AMPLIFON FRANCE","40200","Mimizan","1  RTE DE BALESTE","40"
"8e89dd65-a7a5-4a86-9264-6cc10823f5c9","sas-sonova-audiologi-care-france-63700","SAS SONOVA AUDIOLOGI CARE FRANCE","63700","","192 Rue JEAN JAURES","63"
"82512025-278a-43b9-9aa4-66f5b8157084","amplifon-france-63100-clermont-ferrand","AMPLIFON FRANCE","63100","Clermont-Ferrand","74  AV DE LA REPUBLIQUE","63"
"5387433f-bbf3-418a-97ca-5b9c0179d22e","amplifon-france-63500-issoire","AMPLIFON FRANCE","63500","Issoire","5  RUE DE LA PLACE D ESPAGNE","63"
"e53a7cea-f535-4321-b708-204fa7a838f6","amplifon-france-44115-basse-goulaine","AMPLIFON FRANCE","44115","Basse-Goulaine","5  RUE DE LA VIEILLE CURE","44"
"cf2aadbf-564e-4d0a-befc-da83b0e0e738","sonova-audiological-care-france-sas-64700-hendaye","SONOVA AUDIOLOGICAL CARE FRANCE SAS","64700","Hendaye","PL DE LA REPUBLIQUE","64"
"d35cdd4b-1d23-4285-a211-2bab10e40cda","amplifon-france-44220-coueron","AMPLIFON FRANCE","44220","Couëron","3  PL CHARLES GIDE","44"
"32f0beef-1947-4200-893f-43966b264033","amplifon-france-66130-ille-sur-tet","AMPLIFON FRANCE","66130","Ille-sur-Têt","10  AV JEAN JAURES","66"
"7eadaf30-0f1f-4486-a805-7db67224ef8c","amplifon-france-47200-marmande","AMPLIFON FRANCE","47200","Marmande","60  RUE DE LA REPUBLIQUE","47"
"4a0ffeee-23b4-413f-84ec-4c77f7df9b60","amplifon-france-66000-perpignan","AMPLIFON FRANCE","66000","Perpignan","9  RUE CAMILLE DESMOULINS","66"
"4b0428b1-278d-437d-8aae-4831e2a66283","amplifon-france-67400-illkirch-graffenstaden","AMPLIFON FRANCE","67400","Illkirch-Graffenstaden","237  RTE DE LYON","67"
"85c860c4-3ca1-4d42-99cb-2f6b9eff41d0","amplifon-france-67150-erstein","AMPLIFON FRANCE","67150","Erstein","14  PL DE L HOTEL DE VILLE","67"
"8a17d060-bba3-4cbf-9cc4-aa4852a1c238","amplifon-france-54100-nancy","AMPLIFON FRANCE","54100","Nancy","199  RUE JULIE VICTOIRE DAUBIE","54"
"38203868-503c-4215-b64e-7448c1290032","amplifon-france-54190-villerupt","AMPLIFON FRANCE","54190","Villerupt","14  RUE CARNOT","54"
"71c08280-d342-468f-b340-bae6e47d536e","sonova-audiological-care-france-sas-50400-granville","SONOVA AUDIOLOGICAL CARE FRANCE SAS","50400","Granville","98  RUE MARIE FOUGERAY","50"
"745bed85-3661-49d6-93e5-2a333f9bb508","amplifon-france-67000-strasbourg-2","AMPLIFON FRANCE","67000","Strasbourg","46  AV DES VOSGES","67"
"3a3b2302-86de-45bb-91f7-8b2e2bbf036b","sonova-audiological-care-france-sas-50800-villedieu-les-poeles-rouffigny","SONOVA AUDIOLOGICAL CARE FRANCE SAS","50800","Villedieu-les-Poêles-Rouffigny","15  RUE CARNOT","50"
"786288b8-aab4-4832-8d0c-264f0e5a9c06","sonova-audiological-care-france-sas-56270-ploemeur","SONOVA AUDIOLOGICAL CARE FRANCE SAS","56270","Ploemeur","21  PL DE L EGLISE","56"
"3491085f-50ba-436c-b436-2ccc6c8d821d","amplifon-france-58300-decize","AMPLIFON FRANCE","58300","Decize","33  RUE DE LA REPUBLIQUE","58"
"e61e97a3-9414-473f-b30b-8f8cdb1fd421","audilab-val-de-france-45770-saran","AUDILAB VAL DE FRANCE","45770","Saran","2198  RTE NATIONALE 20","45"
"802c2a17-c905-42ab-a17d-3e6190bfaa09","sas-sonova-audiological-care-france-52300","SAS SONOVA AUDIOLOGICAL CARE FRANCE","52300","","Avenue DE LORRAINE","52"
"c3a734d7-0762-4a18-b540-3b9096c8d0bd","sonova-audiological-care-france-sas-46000-cahors","SONOVA AUDIOLOGICAL CARE FRANCE SAS","46000","Cahors","1134  CHE DU BARTASSEC","46"
"aed5a7e2-45ac-444a-a7fd-4665bf63f5f9","amplifon-france-69300-caluire-et-cuire","AMPLIFON FRANCE","69300","Caluire-et-Cuire","2  CHE DU VIEUX CREPIEUX","69"
"ea098d15-2286-4bb4-b83f-ac909ebe572e","sonova-france-69500-bron","SONOVA FRANCE","69500","Bron","5  RUE MARYSE BASTIE","69"
"fc997d89-7cc7-42c7-a9f2-a187856331e0","amplifon-france-69290-craponne","AMPLIFON FRANCE","69290","Craponne","118  VOIE ROMAINE","69"
"ab87e33c-2dc3-4647-b853-dc8ebc4b3526","amplifon-france-69290-craponne-2","AMPLIFON FRANCE","69290","Craponne","102  AV PIERRE DUMOND","69"
"76739462-69d9-499c-a14d-df6d4f763fa3","amplifon-france-69740-genas","AMPLIFON FRANCE","69740","Genas","42  RUE DE LA REPUBLIQUE","69"
"2249e371-606a-4c4d-b0db-21cfd994d99f","amplifon-france-69003-lyon-3e-arrondissement","AMPLIFON FRANCE","69003","Lyon 3e  Arrondissement","77  CRS DU DOCTEUR LONG","69"
"6e0418a4-dddd-463d-9ac5-e553949b6096","amplifon-france-61100-flers","AMPLIFON FRANCE","61100","Flers","RTE DE DOMFRONT","61"
"8e85e804-257a-4cb5-90d3-80b9bb21ebdc","amplifon-france-69250-neuville-sur-saone","AMPLIFON FRANCE","69250","Neuville-sur-Saône","45  RUE DE LA REPUBLIQUE","69"
"435d0e97-7b1e-44ae-9ea1-b830bc28f1c7","amplifon-france-69170-tarare","AMPLIFON FRANCE","69170","Tarare","20  AV CHARLES DE GAULLE","69"
"54991063-3b22-40bf-ab97-2f8b96389441","amplifon-france-69100-villeurbanne","AMPLIFON FRANCE","69100","Villeurbanne","23  RUE MICHEL SERVET","69"
"22ad4f78-2938-4d65-b0bf-9e2dc70fece9","sas-sonova-audiological-care-france-audi-71150","SAS SONOVA AUDIOLOGICAL CARE FRANCE AUDI","71150","","14 Avenue DU GENERAL DE GAULLE","71"
"adaf4d85-7153-4914-a48f-943d950e94e0","amplifon-france-51200-epernay","AMPLIFON FRANCE","51200","Épernay","16  RUE DU GENERAL LECLERC","51"
"fd13ece9-4e91-4786-a0dd-e3be3f73d126","amplifon-france-58000-nevers","AMPLIFON FRANCE","58000","Nevers","37  BD VICTOR HUGO","58"
"83e27c1b-d5d6-438b-af48-07c1d82e4ec3","sonova-audiological-care-france-sas-71880-chatenoy-le-royal","SONOVA AUDIOLOGICAL CARE FRANCE SAS","71880","Châtenoy-le-Royal","12  AV MAURICE RAVEL","71"
"52e63e52-bfd1-4252-b1a1-eeca5de5808f","amplifon-france-50100-cherbourg-en-cotentin","AMPLIFON FRANCE","50100","Cherbourg-en-Cotentin","12 Place DE LA FONTAINE","50"
"f0590765-1bd1-4638-9eba-ac17bbba1e10","amplifon-france-56100-lorient","AMPLIFON FRANCE","56100","Lorient","11  PL ALSACE LORRAINE","56"
"a2272545-6f43-4465-8aff-7b5f517f9abd","amplifon-france-54150-val-de-briey","AMPLIFON FRANCE","54150","Val de Briey","5  RUE RAYMOND MONDON","54"
"39d84a71-12e9-45a9-affc-93b8386fe0a6","patient-transport-systems-france-sainghin-en-melantois-0013","PATIENT TRANSPORT SYSTEMS FRANCE","59262","SAINGHIN-EN-MELANTOIS","194 RUE DU MARECHAL LECLERC","59"
"106958a8-363a-4684-9bbe-61d7db49b4a1","sonova-audiological-care-france-sas-56340-plouharnel","SONOVA AUDIOLOGICAL CARE FRANCE SAS","56340","Plouharnel","8  AV D AURAY","56"
"6d87ee7e-20fb-42e4-9b14-346dff916076","sas-acuitis-france-75001","SAS ACUITIS FRANCE","75001","","84 Rue RAMBUTEAU","75"
"874860c0-d499-40f8-bd4d-3ac40446cb0e","amplifon-france-63600-ambert","AMPLIFON FRANCE","63600","Ambert","2  RUE DE LA REPUBLIQUE","63"
"daa9d168-4deb-4ef8-9675-a220758a7e24","amplifon-france-75014-paris-14e-arrondissement","AMPLIFON FRANCE","75014","Paris 14e  Arrondissement","9  BD ROMAIN ROLLAND","75"
"10b53018-2933-4655-9dd2-ee772506ba50","amplifon-france-75014-paris-14e-arrondissement-2","AMPLIFON FRANCE","75014","Paris 14e  Arrondissement","26  AV JEAN MOULIN","75"
"da980bde-8f3a-48cd-8a20-0dce77ac0f3e","amplifon-france-75017-paris-17e-arrondissement","AMPLIFON FRANCE","75017","Paris 17e  Arrondissement","58  AV DE WAGRAM","75"
"a2edd080-a430-4555-8fba-66591b4c6951","amplifon-france-75007-paris-7e-arrondissement","AMPLIFON FRANCE","75007","Paris 7e  Arrondissement","33  AV DE LA MOTTE PICQUET","75"
"c07a7dd1-1747-43df-84ac-e8b5aa54b30d","sonova-audiological-care-france-sas-75007-paris-7e-arrondissement","SONOVA AUDIOLOGICAL CARE FRANCE SAS","75007","Paris 7e  Arrondissement","73  RUE ST DOMINIQUE","75"
"d5ceac18-d847-4460-ae13-c6987dfabafa","amplifon-france-76170-lillebonne","AMPLIFON FRANCE","76170","Lillebonne","24  RUE GAMBETTA","76"
"9b589724-41ca-474b-9f52-5f831162d7d0","amplifon-france-76600-le-havre","AMPLIFON FRANCE","76600","Le Havre","32  PL DE L HOTEL DE VILLE","76"
"47d8b7b3-6935-4774-a8e6-b59e8402d416","sas-sonova-audiological-care-france-76230","SAS SONOVA AUDIOLOGICAL CARE FRANCE","76230","","224 Rue REPUBLIQUE","76"
"d73ff309-8e6b-49f4-b40b-f96a73badaa2","amplifon-france-61500-sees","AMPLIFON FRANCE","61500","Sées","26  RUE LOUIS FORTON","61"
"b81953c9-6fe6-4921-849c-7d3d4f8403c7","amplifon-france-67000-strasbourg","AMPLIFON FRANCE","67000","Strasbourg","12  RUE JACQUES PEIROTES","67"
"ff5a669b-2eab-4ea9-b2dc-201226dea467","sas-sonova-audiological-care-france-77380","SAS SONOVA AUDIOLOGICAL CARE FRANCE","77380","","39 Avenue DE LA REPUBLIQUE","77"
"e8d8b06f-4137-4c5b-a5a6-03e1e218b32b","amplifon-france-67250-soultz-sous-forets","AMPLIFON FRANCE","67250","Soultz-sous-Forêts","40  RUE DES BARONS DE FLECKENSTEIN","67"
"13d56346-a720-4051-a050-9982afba0722","sas-sonova-audiological-care-france-78000","SAS SONOVA AUDIOLOGICAL CARE FRANCE","78000","","1 Rue SAINT SIMON","78"
"f9fbcf78-56a6-4bbc-80b4-8b2798976924","amplifon-france-67000-strasbourg-3","AMPLIFON FRANCE","67000","Strasbourg","1  PL DE L HOMME DE FER","67"
"5a7030cd-cd4b-477d-aa79-4db0e23fd0ff","amplifon-france-63430-pont-du-chateau","AMPLIFON FRANCE","63430","Pont-du-Château","3  CHE DE LA LISSANDRE","63"
"332e6659-547a-457b-9da3-1bbe7aad7591","sas-sanova-audiological-care-france-81700","SAS SANOVA AUDIOLOGICAL CARE FRANCE","81700","","6 Rue DU MARCHE","81"
"70de130b-b546-476e-a32c-4df719f7308d","amplifon-france-81500-lavaur","AMPLIFON FRANCE","81500","Lavaur","10  PL DU VIEUX MARCHE","81"
"d2907925-45b6-455d-b4c1-e37b0c2af6f7","amplifon-france-66240-saint-esteve","AMPLIFON FRANCE","66240","Saint-Estève","28  AV DE LA MIRANDE","66"
"e25c7300-e356-4245-ad92-87c4f8036320","sonova-audiological-care-france-sas-66200-latour-bas-elne","SONOVA AUDIOLOGICAL CARE FRANCE SAS","66200","Latour-Bas-Elne","AV D'ELNE","66"
"07fbe372-eea6-4941-ad6e-4eee8fbbc3c0","amplifon-france-83110-sanary-sur-mer","AMPLIFON FRANCE","83110","Sanary-sur-Mer","14  PL ALBERT CAVET","83"
"ce825994-2010-4e36-b626-2947e6610d67","amplifon-france-69002-lyon-2e-arrondissement","AMPLIFON FRANCE","69002","Lyon 2e  Arrondissement","5  PL DES CORDELIERS","69"
"61fe1af4-95da-42c3-8d98-2ca864dbf524","amplifon-france-84100-orange","AMPLIFON FRANCE","84100","Orange","79  AV CHARLES DE GAULLE","84"
"879b0a35-703c-4e85-9fa7-3d1f2721060a","amplifon-france-85300-challans","AMPLIFON FRANCE","85300","Challans","49  RUE DES SABLES","85"
"0b9e5c01-87c1-4f59-a2cc-59cc257b931b","amplifon-france-85360-la-tranche-sur-mer","AMPLIFON FRANCE","85360","La Tranche-sur-Mer","25  RUE DU PERTHUIS BRETON","85"
"0563a9d1-9b5e-4d7e-ada8-754dd738634d","amplifon-france-67600-selestat","AMPLIFON FRANCE","67600","Sélestat","14  RUE PRESIDT RAY POINCARE","67"
"c3242fe9-5d85-4f1f-9393-2642be9bcd47","sonova-audiological-care-france-sas-86100-chatellerault","SONOVA AUDIOLOGICAL CARE FRANCE SAS","86100","Châtellerault","23  PL DUPLEIX","86"
"6e255232-cbb2-461d-b574-0b3238d497a3","sonova-audiological-care-france-sas-62000-arras-2","SONOVA AUDIOLOGICAL CARE FRANCE SAS","62000","Arras","39  RUE GAMBETTA","62"
"eb498956-a075-44c3-b1c2-00eeffa2a2cf","amplifon-france-88100-saint-die-des-vosges-2","AMPLIFON FRANCE","88100","Saint-Dié-des-Vosges","48  RUE THIERS","88"
"b0049028-6076-4d9c-ac64-50abecdb6f1b","sonova-audiological-care-france-sas-88600-bruyeres","SONOVA AUDIOLOGICAL CARE FRANCE SAS","88600","Bruyères","8  RUE DE GERARDMER","88"
"4d66ce8b-35ab-489d-9eac-fcb1f4a9638b","sas-sonova-audiological-care-france-88100","SAS SONOVA AUDIOLOGICAL CARE FRANCE","88100","","35 Rue SAINT CHARLES","88"
"583c0a52-40ce-4f12-af77-ac69e8e775f5","amplifon-france-89100-sens","AMPLIFON FRANCE","89100","Sens","25  RUE GENERAL DUCHESNE","89"
"bc6d6d05-66b8-40e7-8276-af3ab82536bb","amplifon-france-89000-auxerre","AMPLIFON FRANCE","89000","Auxerre","127  RUE DE PARIS","89"
"c1c913a5-c649-4bca-aeb8-e75cebcc345e","amplifon-france-89200-avallon","AMPLIFON FRANCE","89200","Avallon","3  GDE RUE ARISTIDE BRIAND","89"
"d8f2c721-b056-4d46-a921-8185bd5d4ba2","sas-sonova-audiological-care-france-68000","SAS SONOVA AUDIOLOGICAL CARE FRANCE","68000","","7 Avenue DE FRIBOURG","68"
"5962aac3-15af-48d6-b5d4-c2731fc82fbc","sonova-audiological-care-france-sas-68510-sierentz","SONOVA AUDIOLOGICAL CARE FRANCE SAS","68510","Sierentz","56  RUE POINCARE","68"
"c6a6276a-760b-46c4-9ce8-be2257f12930","sonova-audiological-care-france-sas-91450","SONOVA AUDIOLOGICAL CARE FRANCE SAS","91450","","24 Rue DES FRANCS BOURGEOIS","91"
"ed2e838f-78bd-4852-ad3d-163cb1f99333","amplifon-france-69210-l-arbresle","AMPLIFON FRANCE","69210","L'Arbresle","17  RUE GABRIEL PERI","69"
"2197a0f8-a35e-41c3-8c9d-645646ab8262","amplifon-france-67240-bischwiller","AMPLIFON FRANCE","67240","Bischwiller","14  RUE RAYMOND POINCARE","67"
"a3903750-824d-48a7-afce-139019e1d7ac","amplifon-france-92340-bourg-la-reine","AMPLIFON FRANCE","92340","Bourg-la-Reine","25  AV DU GENERAL LECLERC","92"
"cb0781b3-eed6-4bfe-bcbc-f1a71c5275d2","amplifon-france-92140-clamart","AMPLIFON FRANCE","92140","Clamart","28  AV JEAN JAURES","92"
"31cadc76-967a-4dc7-b562-e9dbe3255ad2","amplifon-france-92130-issy-les-moulineaux","AMPLIFON FRANCE","92130","Issy-les-Moulineaux","20  RUE VAUDETARD","92"
"74e5e5cb-e940-45b8-af97-c4949a047471","amplifon-france-92120-montrouge","AMPLIFON FRANCE","92120","Montrouge","96  AV DE LA REPUBLIQUE","92"
"c29d2e7f-4d0d-4f4a-9bc2-716e525f8dc9","amplifon-france-71000-macon","AMPLIFON FRANCE","71000","Mâcon","333  RUE CARNOT","71"
"6e0182eb-a77c-43c8-b70e-c92bd731e353","amplifon-france-67700-saverne","AMPLIFON FRANCE","67700","Saverne","4  GRAND RUE","67"
"8d6169ad-a206-478a-aa7d-ffff7de37251","amplifon-france-69500-bron","AMPLIFON FRANCE","69500","Bron","150  AV FRANKLIN ROOSEVELT","69"
"69dfb8ac-27ad-4aa7-acfb-2e2d2da4cb43","vyv3-ile-de-france-75014-paris-14e-arrondissement","VYV3 ILE-DE-FRANCE","75014","Paris 14e  Arrondissement","98  RUE D ALESIA","75"
"254ec89c-7d36-4ec2-b602-7d334d87ebf6","sonova-audiological-care-france-sas-93600-aulnay-sous-bois","SONOVA AUDIOLOGICAL CARE FRANCE SAS","93600","Aulnay-sous-Bois","18  BD STRASBOURG","93"
"9e236e33-2ed4-4a8c-bfc9-8ed25950489e","amplifon-france-93300-aubervilliers","AMPLIFON FRANCE","93300","Aubervilliers","8  RUE DE LA COURNEUVE","93"
"b4abc623-5aa8-4e74-b2e6-8613ddca33d0","amplifon-france-93220-gagny","AMPLIFON FRANCE","93220","Gagny","29  AV JEAN JAURES","93"
"15e2aa6c-79ec-41b6-9d04-320d215bd642","amplifon-france-93260-les-lilas","AMPLIFON FRANCE","93260","Les Lilas","130  RUE DE PARIS","93"
"4049e8e0-a916-4057-9587-20741f6cbe33","amplifon-france-93190-livry-gargan","AMPLIFON FRANCE","93190","Livry-Gargan","32  BD CHANZY","93"
"f0567f7e-f6a9-4b26-a121-0a6a35ec5e48","acuitis-france-75017-paris-17e-arrondissement","ACUITIS FRANCE","75017","Paris 17e  Arrondissement","1  PL DES TERNES","75"
"0f757217-2feb-4c5a-92f9-07ee402240f6","amplifon-france-74100-annemasse","AMPLIFON FRANCE","74100","Annemasse","4  RUE RENE BLANC","74"
"e97c8e67-039c-49e5-be87-108ac75f7184","amplifon-france-94420-le-plessis-trevise","AMPLIFON FRANCE","94420","Le Plessis-Trévise","10  AV DU GENERAL DE GAULLE","94"
"0d1d4e34-aef2-4f32-b598-accb59c13bec","amplifon-france-75116-paris-16e-arrondissement","AMPLIFON FRANCE","75116","Paris 16e  Arrondissement","98  RUE DE LONGCHAMP","75"
"304a09e5-7377-4aaa-a6de-0cce35bd7009","amplifon-france-69160-tassin-la-demi-lune","AMPLIFON FRANCE","69160","Tassin-la-Demi-Lune","67  AV DE LA REPUBLIQUE","69"
"406fffe2-6ce4-4819-8b03-b436735ba972","union-des-mutuelles-de-france-mont-blanc-74200-thonon-les-bains","UNION DES MUTUELLES DE FRANCE MONT BLANC","74200","Thonon-les-Bains","3  RUE DE L HOTEL DIEU","74"
"b0f9b255-ac53-4071-9d0f-32b2e9a57793","sonova-audiological-care-france-sas-73700-bourg-saint-maurice","SONOVA AUDIOLOGICAL CARE FRANCE SAS","73700","Bourg-Saint-Maurice","63  RTE DE MONTRIGON","73"
"2561e927-189e-48f7-aed2-d1942706933b","amplifon-france-75015-paris-15e-arrondissement-2","AMPLIFON FRANCE","75015","Paris 15e  Arrondissement","7  RUE HUMBLOT","75"
"1cc2eb66-4db6-48af-b3b8-eaf61bff1d6a","sas-sonova-audiological-care-france-04200","SAS SONOVA AUDIOLOGICAL CARE FRANCE","04200","","11 Avenue JEAN JAURES","04"
"c951896a-1f87-4fd8-9869-f7a750fa5b7c","amplifon-france-11400-castelnaudary","AMPLIFON FRANCE","11400","Castelnaudary","10  CRS DE LA REPUBLIQUE","11"
"8bf2ad33-c42e-4b53-a5f9-1d7a3a2ee7e8","fotofinder-france-paris-0015","FOTOFINDER FRANCE","75017","PARIS","3 RUE DU COLONEL MOLL","75"
"cbdaf6b9-ec3b-4873-9a5c-d9088fe31828","hope-care-france-sas-paris-0014","HOPE CARE FRANCE SAS","75013","PARIS","8 RUE JEAN ANTOINE DE BAIF FUTURE4CARE WATT-BIOPARK","75"
"3f16e1d9-39dc-4caa-9f33-1b10bdf45a3a","amplifon-france-01110-plateau-d-hauteville","AMPLIFON FRANCE","01110","Plateau d'Hauteville","53  RUE MASONOD","01"
"b9804c9b-c153-4247-af64-9a623e5dcc46","sonova-audiological-care-france-sas-19360","SONOVA AUDIOLOGICAL CARE FRANCE SAS","19360","","3 Avenue DU 15 AOUT 1944","19"
"124e4ea9-c326-4388-964b-9659cc0097d6","sas-sonova-audiological-care-france-09000","SAS SONOVA AUDIOLOGICAL CARE FRANCE","09000","","34 Rue DELCASSE","09"
"9dd93eef-b9e8-4250-b304-c41ea9ca6d2c","sonova-audiological-care-france-sas-11100-narbonne","SONOVA AUDIOLOGICAL CARE FRANCE SAS","11100","Narbonne","9  QUAI VICTOR HUGO","11"
"f19a8d30-a632-4016-b726-004c79e9bdfb","sonova-audiological-care-france-sas-14280-saint-contest","SONOVA AUDIOLOGICAL CARE FRANCE SAS","14280","Saint-Contest","10  RUE JANE ADDAMS","14"
"33c7d404-3e2e-449e-894f-e519d9c40bfe","amplifon-france-07000-privas","AMPLIFON FRANCE","07000","Privas","1  RUE DE LA REPUBLIQUE","07"
"a07837b8-4970-4409-b68a-da2ec4375408","eli-innovation-france-venissieux-0025","ELI INNOVATION FRANCE","69200","VENISSIEUX","73 ROUTE DE CORBAS","69"
"9bfbd872-c116-49b9-ba01-26a9c596bec7","amplifon-france-10000-troyes","AMPLIFON FRANCE","10000","Troyes","45  BD DU QUATORZE JUILLET","10"
"cf429514-d3c8-4bae-9a4f-3674a4d97efb","sonova-audiological-care-france-sas-22400-lamballe-armor","SONOVA AUDIOLOGICAL CARE FRANCE SAS","22400","Lamballe-Armor","17  RUE DOCTEUR LAVERGNE","22"
"ffb5023a-35db-461d-b482-57fabf165d76","amplifon-france-13005-marseille-5e-arrondissement","AMPLIFON FRANCE","13005","Marseille 5e  Arrondissement","62  BD CHAVE","13"
"a86a7ded-ce1e-4e1e-b529-06b72b75262b","dandy-labs-france-paris-0019","DANDY LABS FRANCE","75001","PARIS","3 BOULEVARD DE SEBASTOPOL","75"
"0b3282fe-db48-43f8-ac58-9ae7e5301a21","amplifon-france-30100-ales","AMPLIFON FRANCE","30100","Alès","27  BD GAMBETTA","30"
"c1d571dc-fc7a-42ba-8d44-b62019423d6c","amplifon-france-21110-varanges","AMPLIFON FRANCE","21110","Varanges","13 Rue BERNARD LAUREAU","21"
"52c2600b-15cc-4724-975d-ed1a91e6f022","amplifon-france-25150-pont-de-roide-vermondans","AMPLIFON FRANCE","25150","Pont-de-Roide-Vermondans","24  PL GENERAL DE GAULLE","25"
"ac1eb1ad-13ab-4bde-b256-fe6abbb6015f","amplifon-france-21000-dijon","AMPLIFON FRANCE","21000","Dijon","13  AV RAYMOND POINCARE","21"
"2c3d33b5-dfbb-45be-83c7-a7d10b71c73b","amplifon-france-27200-vernon","AMPLIFON FRANCE","27200","Vernon","14  RUE DU SOLEIL D'OR","27"
"466df8ae-43e0-4dcc-bcb4-a8fa2c093687","sonova-audiological-care-france-sas-33700-merignac","SONOVA AUDIOLOGICAL CARE FRANCE SAS","33700","Mérignac","10  RUE RICHARD WAGNER","33"
"f99ed4d4-38aa-4c69-8517-ef75fedf2956","audilab-val-de-france-28000-chartres","AUDILAB VAL DE FRANCE","28000","Chartres","6  PL DE LA PORTE SAINT MICHEL","28"
"6912a9a9-06e9-48a7-8046-904388e4fb28","sas-sonova-audiological-care-france-30200","SAS SONOVA AUDIOLOGICAL CARE FRANCE","30200","","2 Rue DE L HORLOGE","30"
"0b6f5aff-518e-4157-ad0a-6af6e8a0418b","sas-sonova-audiological-care-france-29200","SAS SONOVA AUDIOLOGICAL CARE FRANCE","29200","","148 Rue JEAN JAURES","29"
"7a341865-38e9-435e-a969-ea4ab28959fb","amplifon-france-28000-chartres","AMPLIFON FRANCE","28000","Chartres","6  RUE CHANZY","28"
"740c939c-7cf3-47a4-8b0b-1f26c8062d90","amplifon-france-28190-courville-sur-eure","AMPLIFON FRANCE","28190","Courville-sur-Eure","41  RUE CARNOT","28"
"8f729cd5-476c-4b27-a615-2ed0d2de9bc8","br-haut-de-france-caissargues-0016","BR HAUT DE FRANCE","30132","CAISSARGUES","12 AVENUE DE LA DAME","30"
"4295a652-809e-4980-9f7d-10592580413d","sas-sonova-audiological-care-france-29820","SAS SONOVA AUDIOLOGICAL CARE FRANCE","29820","","49 Rue CHARLES DE GAULLE","29"
"4cd0e59b-4416-44dd-a4d7-fb6d1efd524e","sonova-audiological-care-france-33170","SONOVA AUDIOLOGICAL CARE FRANCE","33170","","6 Allee DE CARTHON FERRIERE","33"
"5383b14a-4380-49e6-ae91-b2a0bdd21ca4","audition-france-35135-chantepie","AUDITION FRANCE","35135","Chantepie","6  AV ANDRE BONNIN","35"
"73b040cc-733e-40ea-b476-83ab3ed6bc4f","sarl-audition-france-35760","SARL AUDITION FRANCE","35760","","32 Rue DU CHAMP MARQUE","35"
"9f9829f4-6294-444a-85ad-572a0bdc0537","audio-france-paris-0014","AUDIO FRANCE","75015","PARIS","371 RUE DE VAUGIRARD","75"
"ce38484d-10ab-4328-bc26-e107e5e527e1","sas-sonova-audiological-care-france-34120","SAS SONOVA AUDIOLOGICAL CARE FRANCE","34120","","10 Rue ALFRED MAUREL","34"
"c3e19acf-5c55-4bce-a7bf-c259ab38b22a","sonova-audiological-care-france-sas-33700-merignac-2","SONOVA AUDIOLOGICAL CARE FRANCE SAS","33700","Mérignac","6  AV PRESIDENT J F KENNEDY","33"
"817b5925-9616-46b8-9137-3f2678245df7","sas-sonova-audiological-care-france-40600","SAS SONOVA AUDIOLOGICAL CARE FRANCE","40600","","153 Avenue GEORGES CLEMENCEAU","40"
"3dc28c33-d574-4d7f-9b87-c0f03f43696b","sonova-audiological-care-france-sas-35170-bruz","SONOVA AUDIOLOGICAL CARE FRANCE SAS","35170","Bruz","7  AV JULES TRICAULT","35"
"3a9e992f-c0a0-4399-87db-d728902d35a3","amplifon-france-44000-nantes-2","AMPLIFON FRANCE","44000","Nantes","4  RUE PAUL BELLAMY","44"
"cc040d88-9e84-4064-a7ef-1bc1db94baf0","lion-seneca-france-audio-35000","LION SENECA FRANCE AUDIO","35000","","18 Rue D'ISLY","35"
"a1619b6d-1339-4e96-a724-d59d806372e6","audilab-val-de-france-romorantin-nord-41200","AUDILAB VAL DE FRANCE - ROMORANTIN NORD","41200","","81 Avenue DE PARIS","41"
"1e1568c3-5b8e-43f6-ac0a-89660c80c999","amplifon-france-42600-montbrison","AMPLIFON FRANCE","42600","Montbrison","6  RUE NOTRE DAME","42"
"e2a97cb5-2b88-4ae0-9c90-9f559b18aa8a","amplifon-france-44000-nantes","AMPLIFON FRANCE","44000","Nantes","8  ALL DUQUESNE","44"
"e157c5de-688e-413a-a434-54ed6fbdc60f","sas-sonova-audiological-care-france-34170","SAS SONOVA AUDIOLOGICAL CARE FRANCE","34170","","1 Allee MARIE CURIE","34"
"3b1d79ec-5e9e-41f4-8ecb-38766a36990c","sonova-audiological-care-france-sas-36000-chateauroux","SONOVA AUDIOLOGICAL CARE FRANCE SAS","36000","Châteauroux","39  RUE DE LA GARE","36"
"a02e43c5-a937-405d-9235-f319619d37d2","amplifon-france-42100-saint-etienne","AMPLIFON FRANCE","42100","Saint-Étienne","58  BD ALEXANDRE DE FRAISSINETTE","42"
"e719790f-1da9-4517-bc10-afa0f579700c","sas-sonova-audiological-care-france-46200","SAS SONOVA AUDIOLOGICAL CARE FRANCE","46200","","52 Boulevard LOUIS JEAN MALVY","46"
"465b0bf4-7dd2-4aa9-b2b6-06b173e39333","amplifon-france-42400-saint-chamond","AMPLIFON FRANCE","42400","Saint-Chamond","13  PL DE LA LIBERTE","42"
"afbae63c-4e54-407e-abe9-fd86056d00ba","amplifon-france-35250-saint-aubin-d-aubigne","AMPLIFON FRANCE","35250","Saint-Aubin-d'Aubigné","6  RUE SAINT MEDARD","35"
"9b2c1e05-7a31-42c1-858a-5cf2e36146ed","amplifon-france-52200-saints-geosmes","AMPLIFON FRANCE","52200","Saints-Geosmes","2  RUE MONGE","52"
"6b7dc837-b6cf-40ce-8d9e-b268cf2d015d","audilab-val-de-france-41400-montrichard-val-de-cher","AUDILAB VAL DE FRANCE","41400","Montrichard Val de Cher","5  RUE CARNOT","41"
"f641442f-e26f-4f29-8043-8536d9f3db50","amplifon-france-44300-nantes","AMPLIFON FRANCE","44300","Nantes","125  BD JULES VERNE","44"
"0c090eb5-f0d6-4d8f-9e86-e08fab8df533","audilab-val-de-france-41800-montoire-sur-le-loir","AUDILAB VAL DE FRANCE","41800","Montoire-sur-le-Loir","6  PL CLEMENCEAU","41"
"d05b27dc-14e6-431c-80ba-2111cff4fc56","amplifon-france-42370-renaison","AMPLIFON FRANCE","42370","Renaison","554  RUE DU COLLEGE","42"
"7e9f60a8-9201-428b-ba81-3ca2fe1ae212","sonova-audiological-care-france-sas-53500-ernee","SONOVA AUDIOLOGICAL CARE FRANCE SAS","53500","Ernée","32  PL RENAULT MORLIERE","53"
"41b41d09-f195-4a71-9c19-e6ce6b1ffa0c","sas-sonova-audiological-care-france-52000","SAS SONOVA AUDIOLOGICAL CARE FRANCE","52000","","5 Avenue DES ETATS UNIS","52"
"39516056-dd6e-4ede-a6d9-d8c12365ba52","sonova-audiological-care-france-sas-54000-nancy","SONOVA AUDIOLOGICAL CARE FRANCE SAS","54000","Nancy","138  RUE ST DIZIER","54"
"0589eee7-3da6-4398-8db3-d8103d9efef9","amplifon-france-56170-quiberon","AMPLIFON FRANCE","56170","Quiberon","1  QU DE L OCEAN","56"
"9c0936b4-5a56-43fd-94a7-e48ae52a7e7a","amplifon-france-57700-hayange","AMPLIFON FRANCE","57700","Hayange","21  RUE DU MARECHAL FOCH","57"
"4acf2600-429d-4b5a-a650-6e635f9dcade","amplifon-france-07400-le-teil","AMPLIFON FRANCE","07400","Le Teil","LOT ENTRE PONT ET RHONE","07"
"fea52e4c-9316-4305-bc4c-70869c85f14c","amplifon-france-54000-nancy","AMPLIFON FRANCE","54000","Nancy","2  RUE D AMERVAL","54"
"cdaca732-bbec-40c9-b04a-dcc8c065f1b6","sonova-audiological-care-france-sas-56290-port-louis","SONOVA AUDIOLOGICAL CARE FRANCE SAS","56290","Port-Louis","36  GRANDE RUE","56"
"04bbdce5-67dd-4237-b0d3-4008b5e1ec51","centre-harmonie-audition-puiseux-en-france-0115","CENTRE HARMONIE AUDITION","95380","PUISEUX-EN-FRANCE","2 RUE DU COMMANDANT COUSTEAU","95"
"869e0625-73c5-4d91-8fba-b96dfbeb5f22","amplifon-france-66330-cabestany","AMPLIFON FRANCE","66330","Cabestany","2  RUE MADELEINE BRES","66"
"b246d5ea-a369-4fbf-bb5d-2ca662c39810","acuitis-france-69002-lyon-2e-arrondissement","ACUITIS FRANCE","69002","Lyon 2e  Arrondissement","8  RUE VICTOR HUGO","69"
"24e4bf40-8fa3-4933-b716-3ef0a23ba085","amplifon-france-61200-argentan","AMPLIFON FRANCE","61200","Argentan","3  RUE ETIENNE PANTHOU","61"
"7f610476-2e41-4fb0-a463-cb3fb40ebc04","amplifon-france-66690-saint-andre","AMPLIFON FRANCE","66690","Saint-André","3  RUE JEAN JAURES","66"
"9b5d8325-175b-4d14-8f81-97cd8f58dc58","amplifon-france-63200-riom","AMPLIFON FRANCE","63200","Riom","40  PL J BAPTISTE LAURENT","63"
"0b4eef09-dfd6-4b06-9b42-ab4bb914e378","thera-trainer-france-verton-0031","THERA-TRAINER FRANCE","62180","VERTON","38 AVENUE DU CHAMP DE GRETZ","62"
"eac6d8c1-2c18-4940-b09d-7cca5ee3ee54","sonova-audiological-care-france-sas-66700-argeles-sur-mer","SONOVA AUDIOLOGICAL CARE FRANCE SAS","66700","Argelès-sur-Mer","11  AV DES FLAMANTS ROSES","66"
"e9513aef-0f42-4848-a050-4a165bcf874e","sas-sonova-audiological-care-france-62930","SAS SONOVA AUDIOLOGICAL CARE FRANCE","62930","","90 Rue CARNOT","62"
"09e0a6c6-505a-4b9b-90d4-855aaef83e58","gymna-france-loos-0032","GYMNA FRANCE","59120","LOOS","14 AVENUE PIERRE MAUROY BATIMENT F3B","59"
"1fa3d787-9153-4de5-aa26-e23757998f6c","amplifon-france-61100-flers-2","AMPLIFON FRANCE","61100","Flers","5  RUE DE LA BOULE","61"
"7100cecc-221a-4f93-844a-6b0a2e935a0e","amplifon-france-71500-louhans","AMPLIFON FRANCE","71500","Louhans","53  GRANDE RUE","71"
"6f6ca1d4-95eb-4d19-a419-1ec21986889a","amplifon-france-69008-lyon-8e-arrondissement","AMPLIFON FRANCE","69008","Lyon 8e  Arrondissement","71  BD DES ETATS UNIS","69"
"5f8987b3-67b0-46b4-8d75-ad90a791c942","amplifon-france-68310","AMPLIFON FRANCE","68310","","ZAC HOHMATTEN","68"
"198eb1f0-1823-4b09-aca7-38aa14d557f0","amplifon-france-67170-brumath","AMPLIFON FRANCE","67170","Brumath","7  RUE RAYMOND POINCARE","67"
"486d14a4-81ec-4044-b185-7261f69e38d8","sonova-audiological-care-france-sas-64100","SONOVA AUDIOLOGICAL CARE FRANCE SAS","64100","","20 Avenue DU MARECHAL FOCH","64"
"ecbd122e-842e-41bf-8aa8-31824ff57c6c","sonova-audiological-care-france-sas-71270-pierre-de-bresse","SONOVA AUDIOLOGICAL CARE FRANCE SAS","71270","Pierre-de-Bresse","32  GRANDE RUE","71"
"99b6a718-b186-497e-bfea-df3f8316d549","sas-sonova-audiological-care-france-72000","SAS SONOVA AUDIOLOGICAL CARE FRANCE","72000","","23 Avenue DU GENERAL LECLERC","72"
"1513561a-6606-43d9-be93-13e3fd1c3e18","amplifon-france-74300-cluses","AMPLIFON FRANCE","74300","Cluses","13  RUE FRANCOIS CURT","74"
"2f2465be-7e4a-4eb6-b227-cad722a94cca","union-des-mutuelles-de-france-mont-blanc-74960-annecy","UNION DES MUTUELLES DE FRANCE MONT BLANC","74960","Annecy","21  RTE DE FRANGY","74"
"c3bb785f-fdf4-4acb-bf8f-79abb73ec929","amplifon-france-74140-douvaine","AMPLIFON FRANCE","74140","Douvaine","6  AV DE GENEVE","74"
"415c1436-4716-4dd0-94da-63718f06e5a1","amplifon-france-69120-vaulx-en-velin","AMPLIFON FRANCE","69120","Vaulx-en-Velin","39  RUE DE LA REPUBLIQUE","69"
"e3ae1818-fa7f-4893-9ed0-721fa18919ff","sonova-audiological-care-france-sas-76190-yvetot","SONOVA AUDIOLOGICAL CARE FRANCE SAS","76190","Yvetot","16  RUE GUY DE MAUPASSANT","76"
"ad82f7a5-f8db-4cbf-9bd5-7cdfea47acee","amplifon-france-69006-lyon-6e-arrondissement","AMPLIFON FRANCE","69006","Lyon 6e  Arrondissement","163  CRS LAFAYETTE","69"
"ca6c7e48-96d9-4bf7-abc3-160db4490298","grandvision-france-gdo-71100","GRANDVISION FRANCE - GDO","71100","","Rue THOMAS DUMOREY","71"
"69bdd4d6-9085-4bdb-bad1-5d0886f6dfac","amplifon-france-72000-le-mans","AMPLIFON FRANCE","72000","Le Mans","22  RUE JANKOWSKI","72"
"1293f191-3fa3-4bad-9ab5-8f7e7bf28e25","amplifon-france-74150-rumilly","AMPLIFON FRANCE","74150","Rumilly","9  PL DE LA GRENETTE","74"
"70705f9a-d4c9-4814-8af1-ca51afb28dd5","sonova-audio-care-france-auditionsante-71400","SONOVA AUDIO CARE FRANCE AUDITIONSANTE","71400","","2 Boulevard MAZAGRAN","71"
"3028327d-f143-4145-a394-78f8a4a29efd","sas-sonova-audiological-care-france-71400","SAS SONOVA AUDIOLOGICAL CARE FRANCE","71400","","20 Rue ST SAULGE","71"
"010a3192-1e09-4ba0-974e-f547622dcab3","sas-sonova-audiological-care-france-72220","SAS SONOVA AUDIOLOGICAL CARE FRANCE","72220","","122 Route DU MANS","72"
"7ab2c61f-626f-463c-802b-5fef3852bf72","amplifon-france-70100-arc-les-gray","AMPLIFON FRANCE","70100","Arc-lès-Gray","3  AV CHARLES COUYBA","70"
"6bc7a1bd-4f06-400e-be34-8c687fbf7ee1","amplifon-france-73000-chambery","AMPLIFON FRANCE","73000","Chambéry","6  RUE SAINT ANTOINE","73"
"44e57fe6-5615-4c66-ade0-5ab88ba487b2","amplifon-france-74500-publier","AMPLIFON FRANCE","74500","Publier","1052  AV DE LA RIVE","74"
"6a116fba-466f-4fbd-bbfd-0c15138eb54d","acuitis-france-75007-paris-7e-arrondissement","ACUITIS FRANCE","75007","Paris 7e  Arrondissement","56  RUE DE SEVRES","75"
"e4d0a42f-9f3a-42f1-834f-6cf3a750639a","sas-grandvision-france-78180","SAS GRANDVISION FRANCE","78180","","1 Rue JEAN PIERRE TIMBAUD","78"
"9316619c-cf54-4e1d-8e7a-88ffdfdf4d14","amplifon-france-76700-harfleur","AMPLIFON FRANCE","76700","Harfleur","19  RUE DES CENT QUATRE","76"
"65cb234c-c26d-445d-a8eb-5288d3a55b0a","sonova-audiological-care-france-sas-87000","SONOVA AUDIOLOGICAL CARE FRANCE SAS","87000","","72 Avenue GARIBALDI","87"
"c7bd9eb0-cb5d-4074-be34-936eb94326cb","amplifon-france-88100-saint-die-des-vosges","AMPLIFON FRANCE","88100","Saint-Dié-des-Vosges","2  RUE DAUPHINE","88"
"40ae90a8-9862-4889-a967-f9c67bbabc9f","sonova-audiological-care-france-sas-91210-draveil","SONOVA AUDIOLOGICAL CARE FRANCE SAS","91210","Draveil","28  PL DE LA REPUBLIQUE","91"
"2f73b3a2-7992-47b3-8196-52efb168295c","sas-sonova-audiological-care-france-86200","SAS SONOVA AUDIOLOGICAL CARE FRANCE","86200","","1 Place DE LA PORTE DE CHINON","86"
"3c8a0202-f23b-4d83-87ff-971240c6f14b","amplifon-france-86360-chasseneuil-du-poitou","AMPLIFON FRANCE","86360","Chasseneuil-du-Poitou","49  RTE DE PARIS","86"
"288f0f56-b26b-41e0-89fe-7f6aeee3a01c","amplifon-france-93140-bondy","AMPLIFON FRANCE","93140","Bondy","22  RUE AUGUSTE POLISSARD","93"
"e83f1fbb-9034-4e9d-b295-614d6e944a29","amplifon-france-87000-limoges","AMPLIFON FRANCE","87000","Limoges","19  PL MANIGNE","87"
"66dc643d-5aa8-49ab-bc01-8798c4c368bb","amplifon-france-92100-boulogne-billancourt","AMPLIFON FRANCE","92100","Boulogne-Billancourt","98  RUE GALLIENI","92"
"c3a94138-2db7-4a0c-a427-d7719177df86","vyv3-ile-de-france-75011-paris-11e-arrondissement","VYV3 ILE-DE-FRANCE","75011","Paris 11e  Arrondissement","68  BD BEAUMARCHAIS","75"
"cc53e0ad-1560-4899-875d-44ae70289fc5","amplifon-france-75012-paris-12e-arrondissement","AMPLIFON FRANCE","75012","Paris 12e  Arrondissement","69  RUE DE LYON","75"
"559312be-7000-4a70-8f14-9ffd21e61ae6","amplifon-france-75016-paris-16e-arrondissement","AMPLIFON FRANCE","75016","Paris 16e  Arrondissement","42  RUE D AUTEUIL","75"
"460f0828-22dd-47e8-87fa-08e433578c36","amplifon-france-95400-arnouville","AMPLIFON FRANCE","95400","Arnouville","34  AV PIERRE SEMARD","95"
"290eb5d2-f8cf-410b-9d74-9e47b07231a9","mi-optico-france-94240","MI OPTICO FRANCE","94240","","13 Rue JEAN JAURES","94"
"9ca9e995-4f35-474f-8f9b-f84f2cde9709","amplifon-france-72140-sille-le-guillaume","AMPLIFON FRANCE","72140","Sillé-le-Guillaume","17  RUE DU COQ HARDI","72"
"73423165-6eb7-405e-a53a-e870b4932e99","amplifon-france-95300-pontoise","AMPLIFON FRANCE","95300","Pontoise","10  PL NOTRE DAME","95"
"7e9cfecb-4a20-4a71-84eb-80a538bad9c8","amplifon-france-69004-lyon-4e-arrondissement","AMPLIFON FRANCE","69004","Lyon 4e  Arrondissement","87  BD DE LA CROIX ROUSSE","69"
"29fe5c7a-6f9a-462a-8259-bfbc16c4e99f","sonova-audiological-care-france-sas-76330-port-jerome-sur-seine","SONOVA AUDIOLOGICAL CARE FRANCE SAS","76330","Port-Jérôme-sur-Seine","10  CENTRE COMMERCIAL LA HETRAIE","76"
"e421f3be-d07d-4b00-ad77-bbfbfaa28369","acuitis-france-75013-paris-13e-arrondissement","ACUITIS FRANCE","75013","Paris 13e  Arrondissement","30  AV D'ITALIE","75"
"0ab8bd5a-cbf4-4220-b25c-4140e8509ef0","odysson-france-75009-paris-9e-arrondissement","ODYSSON FRANCE","75009","Paris 9e  Arrondissement","90  RUE DE LA VICTOIRE","75"
"3836b3dc-f94f-4481-affc-f27a63ace91c","costco-france-sas-77340","COSTCO FRANCE SAS","77340","","35 Route DE PARIS","77"
"a72f820a-50c1-4234-9462-934e67a0e4ba","amplifon-france-75011-paris-11e-arrondissement","AMPLIFON FRANCE","75011","Paris 11e  Arrondissement","41  BD DE CHARONNE","75"
"a22b2f16-d3c6-46a1-aa4a-d1e7dc8563ac","amplifon-france-77000-melun","AMPLIFON FRANCE","77000","Melun","15  PL DE LA PORTE DE PARIS","77"
"f5e6476b-1fb2-40cd-8123-729219653f90","amplifon-france-72190-coulaines","AMPLIFON FRANCE","72190","Coulaines","59  RUE DU GENERAL DE GAULLE","72"
"c9280d2b-039d-4126-8b44-2a8bda826108","amplifon-france-75005-paris-5e-arrondissement","AMPLIFON FRANCE","75005","Paris 5e  Arrondissement","45  RUE CENSIER","75"
"9a3c719a-5daf-4920-afb0-31c2844ebeb3","amplifon-france-75018-paris-18e-arrondissement","AMPLIFON FRANCE","75018","Paris 18e  Arrondissement","70  AV DE SAINT OUEN","75"
"468c477b-8ed2-4a38-ae97-24f51fee1f53","acuitis-france-75006-paris-6e-arrondissement","ACUITIS FRANCE","75006","Paris 6e  Arrondissement","117  RUE DE RENNES","75"
"9a092c8d-c8bd-44f5-9cf1-e0ddff365c6e","amplifon-france-94270-le-kremlin-bicetre","AMPLIFON FRANCE","94270","Le Kremlin-Bicêtre","46  AV DE FONTAINEBLEAU","94"
"8768787a-b55a-454f-bc9f-df5a164d270e","amplifon-france-75015-paris-15e-arrondissement","AMPLIFON FRANCE","75015","Paris 15e  Arrondissement","244  RUE DE LA CONVENTION","75"
"0e88f39f-ebd3-4e00-87d9-6320c3680efb","amplifon-france-75008-paris-8e-arrondissement","AMPLIFON FRANCE","75008","Paris 8e  Arrondissement","3  RUE DE ROME","75"
"98e4df7e-2ad1-46db-a987-3eb0de832a59","union-des-mutuelles-de-france-mont-blanc-74100-annemasse","UNION DES MUTUELLES DE FRANCE MONT BLANC","74100","Annemasse","51  AV DE LA GARE","74"
"89022b69-730f-43ae-b40c-942406cebfeb","amplifon-france-75009-paris-9e-arrondissement","AMPLIFON FRANCE","75009","Paris 9e  Arrondissement","9  RUE DE MAUBEUGE","75"
"6b315012-9743-448b-a6db-c94c31a1ffc6","amplifon-france-75015-paris-15e-arrondissement-3","AMPLIFON FRANCE","75015","Paris 15e  Arrondissement","117  RUE DE LA CONVENTION","75"
"5974abe5-e8fb-4ada-b2a2-a53c83f4636c","amplifon-france-75019-paris-19e-arrondissement","AMPLIFON FRANCE","75019","Paris 19e  Arrondissement","25  AV SIMON BOLIVAR","75"
"84235fae-44cb-4928-8123-7fdf6901737f","amplifon-france-76210-bolbec","AMPLIFON FRANCE","76210","Bolbec","RUE JACQUES FAUQUET","76"
"79b36f15-ea43-400e-979a-1fb340daa6ee","amplifon-france-90000-belfort","AMPLIFON FRANCE","90000","Belfort","3  AV DU MARECHAL FOCH","90"
"1c578eda-3e4b-4ce6-822b-800c0bc2580f","ida-centre-france-87000-limoges","IDA CENTRE FRANCE","87000","Limoges","46  RUE JEAN JAURES","87"
"66019545-723f-4bf4-8935-df5725b12fe1","amplifon-france-77140-nemours","AMPLIFON FRANCE","77140","Nemours","28  RUE DE PARIS","77"
"6231758e-6adb-4b9b-8d12-8cdf588d13d2","amplifon-france-91290-arpajon","AMPLIFON FRANCE","91290","Arpajon","114  GRANDE RUE","91"
"0b2680d7-0e3b-45e6-870a-41378b969fa5","amplifon-france-84110-vaison-la-romaine","AMPLIFON FRANCE","84110","Vaison-la-Romaine","12  AV VICTOR HUGO","84"
"475a77ee-4162-4ac2-a065-9522cdf5bc4b","sonova-audiological-care-france-sas-84300-cavaillon","SONOVA AUDIOLOGICAL CARE FRANCE SAS","84300","Cavaillon","15  CRS GAMBETTA","84"
"44761a1a-1ba7-4df2-8cc1-f03a5d20acb4","amplifon-france-89400-migennes","AMPLIFON FRANCE","89400","Migennes","8  PL DU 19 MARS 1962","89"
"82a36f14-b44a-4f04-a66a-fd7c689b649a","amplifon-france-92150-suresnes","AMPLIFON FRANCE","92150","Suresnes","5  PL HENRI 4","92"
"87d0155a-0d3b-4fc7-a966-3b2ba475aec9","amplifon-france-85000-la-roche-sur-yon","AMPLIFON FRANCE","85000","La Roche-sur-Yon","139  BD D ITALIE","85"
"0c95774a-1018-4fa8-8280-a427748b5272","sonova-audiological-care-france-sas-91100-corbeil-essonnes","SONOVA AUDIOLOGICAL CARE FRANCE SAS","91100","Corbeil-Essonnes","80  RUE FERAY","91"
"457bdca4-7e35-4378-bd09-eb8663df9024","mioptico-france-91160-longjumeau","MIOPTICO FRANCE","91160","Longjumeau","19  RTE DE CORBEIL","91"
"79270ec1-1071-4a8b-a635-f467e20e97ae","amplifon-france-89700-tonnerre","AMPLIFON FRANCE","89700","Tonnerre","4  RUE VAUCORBE","89"
"261ad0e2-ab05-4a5a-84f2-78b55e9ac9c5","amplifon-france-86000-poitiers","AMPLIFON FRANCE","86000","Poitiers","43  RUE CARNOT","86"
"276cf2ca-cb17-4dda-860f-cac098769f19","amplifon-france-95200-sarcelles","AMPLIFON FRANCE","95200","Sarcelles","4  PL DU ONZE NOVEMBRE","95"
"123ac154-73bb-403e-b3cb-a8d16b06079b","amplifon-france-92200-neuilly-sur-seine","AMPLIFON FRANCE","92200","Neuilly-sur-Seine","9  RUE PAUL CHATROUSSE","92"
"e69aafa0-e516-4b80-957a-f3ffb56923b3","amplifon-france-94210-saint-maur-des-fosses","AMPLIFON FRANCE","94210","Saint-Maur-des-Fossés","139  BD DE CHAMPIGNY","94"
"5ff364f2-2ee7-4965-a3b5-3558248a374d","amplifon-france-93110-rosny-sous-bois","AMPLIFON FRANCE","93110","Rosny-sous-Bois","8  RUE DU GENERAL LECLERC","93"
"77370259-e2f6-4082-9c9b-9b603e8cf5ef","amplifon-france-94110-arcueil","AMPLIFON FRANCE","94110","Arcueil","22  AV ARISTIDE BRIAND","94"
"ac63ae1e-2682-4d16-815e-ee2dd17bf776","amplifon-france-95120-ermont","AMPLIFON FRANCE","95120","Ermont","18  RUE DE L EGLISE","95"
"4baa7790-f06b-48a9-a162-757df47d87ea","acuitis-nimes-30000","ACUITIS NIMES","30000","","4 Rue GENERAL PERRIER","30"
"5ba230f5-02c3-490e-b2c5-6c847c3800cd","audition-conseil-30000","AUDITION CONSEIL","30000","","6 Boulevard ALPHONSE DAUDET","30"
"4b9dfc83-e291-4d2f-ae86-1402a16c9aae","entendre-nimes-peripherique-30000","ENTENDRE NIMES PERIPHERIQUE","30000","","328 Allee DE L'AMERIQUE LATINE","30"
"7b4b4f33-6e75-4944-abfa-6c36679d3e58","alice-audition-30000","ALICE AUDITION","30000","","18 Avenue FRANKLIN ROOSEVELT","30"
"b9f06dbf-1256-489f-8741-5e52d9f2e426","sarl-correction-auditive-cevennes-30000","SARL CORRECTION AUDITIVE CEVENNES","30000","","34 Boulevard GAMBETTA","30"
"7baad768-cf9c-43d9-a63e-53858a898a8a","imok-audition-vivason-30000","IMOK'AUDITION-VIVASON","30000","","22 Boulevard AMIRAL COURBET","30"